date,channel,campaign_id,spend
8/1/2025,email,CMP006,174.84
8/2/2025,email,CMP006,149.8
8/3/2025,email,CMP006,97.2
8/4/2025,email,CMP006,122.38
8/5/2025,email,CMP005,136.26
8/5/2025,email,CMP006,137.34
8/6/2025,email,CMP005,108.58
8/6/2025,email,CMP006,120.84
8/7/2025,email,CMP005,130.07
8/7/2025,email,CMP006,108.57
8/8/2025,email,CMP005,119.85
8/8/2025,email,CMP006,131.88
8/9/2025,email,CMP005,0
8/9/2025,email,CMP006,105.88
8/10/2025,email,CMP005,110.22
8/10/2025,email,CMP006,140.43
8/10/2025,paid_search,CMP001,653.6
8/11/2025,paid_search,CMP001,672.81
8/11/2025,email,CMP005,134.47
8/11/2025,email,CMP006,114.26
8/12/2025,paid_search,CMP001,599.05
8/12/2025,email,CMP005,132.63
8/12/2025,email,CMP006,145.87
8/13/2025,email,CMP005,147.06
8/13/2025,paid_search,CMP001,563.6
8/13/2025,email,CMP006,115.56
8/14/2025,paid_search,CMP001,722.85
8/14/2025,email,CMP005,179.16
8/14/2025,email,CMP006,134.85
8/15/2025,email,CMP005,104.26
8/15/2025,email,CMP006,127.29
8/15/2025,paid_search,CMP001,641.51
8/16/2025,email,CMP005,101.77
8/16/2025,email,CMP006,128.19
8/16/2025,paid_search,CMP001,603.51
8/17/2025,paid_search,CMP001,535.32
8/17/2025,email,CMP005,116.05
8/17/2025,email,CMP006,117.44
8/18/2025,paid_search,CMP001,580.1
8/18/2025,email,CMP005,87.72
8/18/2025,email,CMP006,124.22
8/19/2025,paid_search,CMP001,602.22
8/19/2025,email,CMP005,157.62
8/19/2025,email,CMP006,139.79
8/20/2025,paid_search,CMP001,655.64
8/20/2025,paid_social,CMP003,585.55
8/20/2025,email,CMP005,78.71
8/20/2025,email,CMP006,0
8/21/2025,email,CMP006,141.57
8/21/2025,email,CMP005,135.09
8/21/2025,paid_social,CMP003,438.55
8/21/2025,paid_search,CMP001,740.31
8/22/2025,paid_search,CMP001,676.24
8/22/2025,paid_social,CMP003,679.03
8/22/2025,email,CMP005,73.97
8/22/2025,email,CMP006,104.2
8/23/2025,paid_search,CMP001,857.2
8/23/2025,paid_social,CMP003,565.63
8/23/2025,email,CMP005,132.3
8/23/2025,email,CMP006,147.54
8/24/2025,paid_search,CMP001,692.05
8/24/2025,paid_social,CMP003,680.05
8/24/2025,email,CMP005,143.44
8/24/2025,email,CMP006,98.88
8/25/2025,email,CMP005,117.11
8/25/2025,email,CMP006,94.16
8/25/2025,paid_search,CMP001,494.41
8/25/2025,paid_social,CMP003,644.31
8/26/2025,email,CMP005,87.03
8/26/2025,email,CMP006,126.51
8/26/2025,paid_search,CMP001,593.48
8/26/2025,paid_social,CMP003,559.19
8/27/2025,paid_search,CMP001,517.5
8/27/2025,paid_social,CMP003,560.57
8/27/2025,email,CMP005,131.18
8/27/2025,email,CMP006,116.02
8/28/2025,paid_search,CMP001,666.26
8/28/2025,paid_social,CMP003,458.64
8/28/2025,email,CMP005,140.99
8/28/2025,email,CMP006,126.76
8/29/2025,paid_search,CMP001,849.1
8/29/2025,paid_social,CMP003,586.11
8/29/2025,email,CMP005,112.61
8/29/2025,email,CMP006,96.61
8/30/2025,email,CMP006,0
8/30/2025,email,CMP005,0
8/30/2025,paid_search,CMP001,629.2
8/30/2025,paid_social,CMP003,509.65
8/31/2025,paid_search,CMP001,439.87
8/31/2025,paid_social,CMP003,474.52
8/31/2025,email,CMP005,147.85
8/31/2025,email,CMP006,103.03
9/1/2025,paid_social,CMP003,547.44
9/1/2025,paid_search,CMP001,762.15
9/1/2025,paid_search,CMP002,761.6
9/1/2025,email,CMP005,107.95
9/1/2025,email,CMP006,140.32
9/2/2025,paid_search,CMP001,401.92
9/2/2025,paid_search,CMP002,707.94
9/2/2025,paid_social,CMP003,639.23
9/2/2025,email,CMP005,133.31
9/2/2025,email,CMP006,93.87
9/3/2025,email,CMP005,0
9/3/2025,paid_social,CMP003,462.47
9/3/2025,email,CMP006,116.56
9/3/2025,paid_search,CMP001,628.34
9/3/2025,paid_search,CMP002,705.14
9/4/2025,paid_search,CMP001,593.07
9/4/2025,paid_search,CMP002,550.6
9/4/2025,paid_social,CMP003,426.28
9/4/2025,email,CMP005,138.04
9/4/2025,email,CMP006,133.45
9/5/2025,email,CMP006,143.84
9/5/2025,email,CMP005,0
9/5/2025,paid_search,CMP001,538.57
9/5/2025,paid_search,CMP002,691.24
9/5/2025,paid_social,CMP003,597.14
9/6/2025,paid_search,CMP001,705.09
9/6/2025,paid_search,CMP002,638.72
9/6/2025,paid_social,CMP003,548.51
9/6/2025,email,CMP005,139.53
9/6/2025,email,CMP006,106.14
9/7/2025,email,CMP005,99.11
9/7/2025,email,CMP006,0
9/7/2025,paid_social,CMP003,620.88
9/7/2025,paid_search,CMP001,465.14
9/7/2025,paid_search,CMP002,591.03
9/8/2025,paid_search,CMP001,727.24
9/8/2025,paid_search,CMP002,770.69
9/8/2025,paid_social,CMP003,730.54
9/8/2025,email,CMP005,95.79
9/8/2025,email,CMP006,130.95
9/9/2025,email,CMP006,128.31
9/9/2025,email,CMP005,97.97
9/9/2025,paid_social,CMP003,589.1
9/9/2025,paid_search,CMP001,767.71
9/9/2025,paid_search,CMP002,921.29
9/10/2025,paid_search,CMP001,740.83
9/10/2025,paid_search,CMP002,378.57
9/10/2025,paid_social,CMP003,576.96
9/10/2025,email,CMP005,107.21
9/10/2025,email,CMP006,154.58
9/11/2025,email,CMP006,113.82
9/11/2025,email,CMP005,132.55
9/11/2025,paid_social,CMP003,549.83
9/11/2025,paid_search,CMP002,729.65
9/11/2025,paid_search,CMP001,590.59
9/12/2025,paid_search,CMP001,680.44
9/12/2025,paid_search,CMP002,779.73
9/12/2025,paid_social,CMP003,574.4
9/12/2025,email,CMP005,90.15
9/12/2025,email,CMP006,96.1
9/13/2025,email,CMP006,90.54
9/13/2025,email,CMP005,141.46
9/13/2025,paid_social,CMP003,535.01
9/13/2025,paid_search,CMP002,683.51
9/13/2025,paid_search,CMP001,608.07
9/14/2025,paid_search,CMP001,599.12
9/14/2025,paid_search,CMP002,888.67
9/14/2025,paid_social,CMP003,654.43
9/14/2025,email,CMP005,145.65
9/14/2025,email,CMP006,132.16
9/15/2025,email,CMP006,88.11
9/15/2025,email,CMP005,130.71
9/15/2025,paid_social,CMP004,728.12
9/15/2025,paid_search,CMP002,631.77
9/15/2025,paid_search,CMP001,684.44
9/15/2025,paid_social,CMP003,517.29
9/16/2025,paid_search,CMP001,503.49
9/16/2025,paid_search,CMP002,819.66
9/16/2025,paid_social,CMP003,450.97
9/16/2025,paid_social,CMP004,484.89
9/16/2025,email,CMP005,125.72
9/16/2025,email,CMP006,121.91
9/17/2025,paid_search,CMP001,606.46
9/17/2025,paid_search,CMP002,743.03
9/17/2025,paid_social,CMP003,279.48
9/17/2025,paid_social,CMP004,652.73
9/17/2025,email,CMP005,127.67
9/17/2025,email,CMP006,146.68
9/18/2025,email,CMP005,128.83
9/18/2025,email,CMP006,115.83
9/18/2025,paid_social,CMP004,544.26
9/18/2025,paid_search,CMP002,561.14
9/18/2025,paid_social,CMP003,551.23
9/18/2025,paid_search,CMP001,638.98
9/19/2025,paid_search,CMP001,414
9/19/2025,paid_search,CMP002,719.69
9/19/2025,paid_social,CMP003,349.15
9/19/2025,paid_social,CMP004,426.82
9/19/2025,email,CMP005,139.79
9/19/2025,email,CMP006,133.37
9/20/2025,email,CMP006,134.97
9/20/2025,email,CMP005,132.1
9/20/2025,paid_social,CMP004,219.24
9/20/2025,paid_search,CMP001,748.75
9/20/2025,paid_search,CMP002,797.18
9/20/2025,paid_social,CMP003,522.23
9/21/2025,email,CMP005,0
9/21/2025,email,CMP006,138.42
9/21/2025,paid_social,CMP004,376.92
9/21/2025,paid_search,CMP002,579
9/21/2025,paid_search,CMP001,737.95
9/21/2025,paid_social,CMP003,744.85
9/22/2025,paid_search,CMP001,535.5
9/22/2025,paid_search,CMP002,709.76
9/22/2025,paid_social,CMP003,572.39
9/22/2025,paid_social,CMP004,610.87
9/22/2025,email,CMP005,102.06
9/22/2025,email,CMP006,118.96
9/23/2025,email,CMP005,103.47
9/23/2025,paid_search,CMP001,927.81
9/23/2025,paid_search,CMP002,684.16
9/23/2025,paid_social,CMP003,497.7
9/23/2025,paid_social,CMP004,379.69
9/23/2025,email,CMP006,122.38
9/24/2025,email,CMP005,125.13
9/24/2025,email,CMP006,113.13
9/24/2025,paid_social,CMP004,533.54
9/24/2025,paid_search,CMP001,641.21
9/24/2025,paid_search,CMP002,761.14
9/24/2025,paid_social,CMP003,539.99
9/25/2025,paid_search,CMP001,483.85
9/25/2025,paid_search,CMP002,533.69
9/25/2025,paid_social,CMP003,451.14
9/25/2025,paid_social,CMP004,517.87
9/25/2025,email,CMP005,116.63
9/25/2025,email,CMP006,129.43
9/26/2025,paid_search,CMP001,690.16
9/26/2025,paid_search,CMP002,655.05
9/26/2025,paid_social,CMP003,545.11
9/26/2025,paid_social,CMP004,515.08
9/26/2025,email,CMP005,0
9/26/2025,email,CMP006,126.78
9/27/2025,email,CMP006,85.63
9/27/2025,paid_social,CMP003,498.93
9/27/2025,email,CMP005,103.15
9/27/2025,paid_social,CMP004,616.35
9/27/2025,paid_search,CMP002,603.22
9/27/2025,paid_search,CMP001,498.29
9/28/2025,email,CMP005,154.68
9/28/2025,paid_social,CMP004,502.52
9/28/2025,email,CMP006,119.51
9/28/2025,paid_search,CMP002,709.27
9/28/2025,paid_search,CMP001,637.07
9/28/2025,paid_social,CMP003,685.9
9/29/2025,paid_search,CMP001,480.11
9/29/2025,paid_search,CMP002,575.74
9/29/2025,paid_social,CMP003,578.18
9/29/2025,paid_social,CMP004,470.9
9/29/2025,email,CMP005,86.75
9/29/2025,email,CMP006,89.69
9/30/2025,email,CMP006,101.45
9/30/2025,email,CMP005,81.42
9/30/2025,paid_social,CMP004,634.26
9/30/2025,paid_social,CMP003,455.31
9/30/2025,paid_search,CMP001,592.47
9/30/2025,paid_search,CMP002,575.97
10/1/2025,paid_search,CMP001,730.37
10/1/2025,paid_search,CMP002,552.07
10/1/2025,paid_social,CMP003,525.05
10/1/2025,paid_social,CMP004,361.82
10/1/2025,email,CMP005,175.58
10/1/2025,email,CMP006,154.22
10/1/2025,referral,CMP007,87.99
10/2/2025,referral,CMP007,81.26
10/2/2025,email,CMP006,113.22
10/2/2025,email,CMP005,85.69
10/2/2025,paid_search,CMP001,763.88
10/2/2025,paid_social,CMP003,503.9
10/2/2025,paid_search,CMP002,568.9
10/2/2025,paid_social,CMP004,617.47
10/3/2025,email,CMP006,134.86
10/3/2025,referral,CMP007,83.85
10/3/2025,email,CMP005,100.9
10/3/2025,paid_search,CMP001,624.05
10/3/2025,paid_social,CMP003,601.71
10/3/2025,paid_search,CMP002,693.05
10/3/2025,paid_social,CMP004,449.87
10/4/2025,paid_search,CMP001,468.31
10/4/2025,paid_search,CMP002,467.59
10/4/2025,paid_social,CMP003,641.7
10/4/2025,paid_social,CMP004,631.57
10/4/2025,email,CMP005,145.82
10/4/2025,email,CMP006,0
10/4/2025,referral,CMP007,0
10/5/2025,email,CMP006,107.68
10/5/2025,referral,CMP007,66.17
10/5/2025,email,CMP005,144.44
10/5/2025,paid_search,CMP002,857.2
10/5/2025,paid_social,CMP003,494.96
10/5/2025,paid_social,CMP004,579.01
10/5/2025,paid_search,CMP001,739.4
10/6/2025,paid_search,CMP001,667.45
10/6/2025,paid_search,CMP002,693.23
10/6/2025,paid_social,CMP003,674.68
10/6/2025,paid_social,CMP004,570.72
10/6/2025,email,CMP005,0
10/6/2025,email,CMP006,145.12
10/6/2025,referral,CMP007,61.02
10/7/2025,email,CMP006,163.92
10/7/2025,email,CMP005,0
10/7/2025,paid_social,CMP004,585.57
10/7/2025,referral,CMP007,89.8
10/7/2025,paid_search,CMP002,709.86
10/7/2025,paid_search,CMP001,531.83
10/7/2025,paid_social,CMP003,344.92
10/8/2025,email,CMP006,126.45
10/8/2025,email,CMP005,95.88
10/8/2025,paid_social,CMP004,436.41
10/8/2025,referral,CMP007,86.01
10/8/2025,paid_search,CMP002,734.37
10/8/2025,paid_search,CMP001,634.31
10/8/2025,paid_social,CMP003,670.89
10/9/2025,paid_search,CMP001,880.31
10/9/2025,paid_search,CMP002,570.5
10/9/2025,paid_social,CMP003,696.07
10/9/2025,paid_social,CMP004,638.98
10/9/2025,email,CMP005,111.02
10/9/2025,email,CMP006,116.49
10/9/2025,referral,CMP007,84.73
10/10/2025,email,CMP006,108.43
10/10/2025,referral,CMP007,58.85
10/10/2025,email,CMP005,93.75
10/10/2025,paid_social,CMP004,555.44
10/10/2025,paid_social,CMP003,555.25
10/10/2025,paid_search,CMP002,740.86
10/10/2025,paid_search,CMP001,661.35
10/11/2025,paid_search,CMP001,571.66
10/11/2025,paid_search,CMP002,750.08
10/11/2025,paid_social,CMP003,537.97
10/11/2025,paid_social,CMP004,481.7
10/11/2025,email,CMP005,155.82
10/11/2025,email,CMP006,78.69
10/11/2025,referral,CMP007,93.05
10/12/2025,email,CMP006,142.31
10/12/2025,email,CMP005,165.13
10/12/2025,paid_social,CMP004,280.98
10/12/2025,referral,CMP007,105.87
10/12/2025,paid_search,CMP002,355.18
10/12/2025,paid_search,CMP001,800.75
10/12/2025,paid_social,CMP003,411.72
10/13/2025,email,CMP006,102.71
10/13/2025,email,CMP005,127.54
10/13/2025,paid_social,CMP004,556.78
10/13/2025,referral,CMP007,0
10/13/2025,paid_search,CMP002,573
10/13/2025,paid_search,CMP001,659.31
10/13/2025,paid_social,CMP003,458.24
10/14/2025,paid_search,CMP001,798.28
10/14/2025,paid_search,CMP002,935.58
10/14/2025,paid_social,CMP003,693.95
10/14/2025,paid_social,CMP004,681.92
10/14/2025,email,CMP005,134.85
10/14/2025,email,CMP006,123.02
10/14/2025,referral,CMP007,65.81
10/15/2025,email,CMP006,0
10/15/2025,referral,CMP007,74.61
10/15/2025,email,CMP005,102.89
10/15/2025,paid_social,CMP004,606.37
10/15/2025,paid_social,CMP003,681.74
10/15/2025,paid_search,CMP002,827.47
10/15/2025,paid_search,CMP001,824.94
10/16/2025,paid_search,CMP001,694.4
10/16/2025,paid_search,CMP002,458.67
10/16/2025,paid_social,CMP003,566.08
10/16/2025,paid_social,CMP004,660.19
10/16/2025,email,CMP005,98.97
10/16/2025,email,CMP006,131.18
10/16/2025,referral,CMP007,87.12
10/17/2025,email,CMP006,104.23
10/17/2025,email,CMP005,92.22
10/17/2025,paid_social,CMP004,443.59
10/17/2025,referral,CMP007,78.52
10/17/2025,paid_search,CMP002,542.03
10/17/2025,paid_search,CMP001,583.66
10/17/2025,paid_social,CMP003,572.88
10/18/2025,email,CMP006,145.44
10/18/2025,email,CMP005,136.38
10/18/2025,paid_social,CMP004,581.67
10/18/2025,referral,CMP007,101.77
10/18/2025,paid_search,CMP002,709
10/18/2025,paid_search,CMP001,509.73
10/18/2025,paid_social,CMP003,623.32
10/19/2025,paid_search,CMP001,657.14
10/19/2025,paid_search,CMP002,732.93
10/19/2025,paid_social,CMP003,574.95
10/19/2025,paid_social,CMP004,516.07
10/19/2025,email,CMP005,116.52
10/19/2025,email,CMP006,104.59
10/19/2025,referral,CMP007,74.74
10/20/2025,email,CMP006,140.85
10/20/2025,referral,CMP007,76.63
10/20/2025,email,CMP005,144.41
10/20/2025,paid_social,CMP004,487.37
10/20/2025,paid_social,CMP003,619.79
10/20/2025,paid_search,CMP002,768.17
10/20/2025,paid_search,CMP001,785.02
10/21/2025,paid_search,CMP001,662.2
10/21/2025,paid_search,CMP002,657.81
10/21/2025,paid_social,CMP003,614.84
10/21/2025,paid_social,CMP004,626.06
10/21/2025,email,CMP005,77.05
10/21/2025,email,CMP006,101.45
10/21/2025,referral,CMP007,72.2
10/22/2025,email,CMP006,0
10/22/2025,email,CMP005,142.2
10/22/2025,paid_social,CMP004,625.7
10/22/2025,referral,CMP007,65.89
10/22/2025,paid_search,CMP002,761.88
10/22/2025,paid_search,CMP001,576.73
10/22/2025,paid_social,CMP003,646.25
10/23/2025,email,CMP006,115.39
10/23/2025,email,CMP005,139.38
10/23/2025,paid_social,CMP004,370.59
10/23/2025,referral,CMP007,86.04
10/23/2025,paid_search,CMP002,750.31
10/23/2025,paid_search,CMP001,716.32
10/23/2025,paid_social,CMP003,478.11
10/24/2025,paid_search,CMP001,624.76
10/24/2025,paid_search,CMP002,375.14
10/24/2025,paid_social,CMP003,266.7
10/24/2025,paid_social,CMP004,607.42
10/24/2025,email,CMP005,114.83
10/24/2025,email,CMP006,123.92
10/24/2025,referral,CMP007,87.45
10/25/2025,email,CMP005,143.92
10/25/2025,email,CMP006,126.05
10/25/2025,paid_social,CMP004,372.77
10/25/2025,referral,CMP007,78.44
10/25/2025,paid_search,CMP002,678.06
10/25/2025,paid_search,CMP001,593.27
10/25/2025,paid_social,CMP003,354.29
10/26/2025,paid_search,CMP001,490.18
10/26/2025,paid_search,CMP002,598.9
10/26/2025,paid_social,CMP003,692.88
10/26/2025,paid_social,CMP004,578.76
10/26/2025,email,CMP005,127.72
10/26/2025,email,CMP006,148.36
10/26/2025,referral,CMP007,67.91
10/27/2025,email,CMP006,130.43
10/27/2025,email,CMP005,155.33
10/27/2025,paid_social,CMP004,608.1
10/27/2025,referral,CMP007,0
10/27/2025,paid_search,CMP002,827.24
10/27/2025,paid_search,CMP001,554.79
10/27/2025,paid_social,CMP003,730.86
10/28/2025,email,CMP006,0
10/28/2025,email,CMP005,105.63
10/28/2025,paid_social,CMP004,631.04
10/28/2025,referral,CMP007,75.75
10/28/2025,paid_search,CMP002,695.71
10/28/2025,paid_search,CMP001,610.81
10/28/2025,paid_social,CMP003,605.75
10/29/2025,paid_search,CMP001,852.54
10/29/2025,paid_search,CMP002,690.75
10/29/2025,paid_social,CMP003,575.54
10/29/2025,paid_social,CMP004,523.1
10/29/2025,email,CMP005,104.81
10/29/2025,email,CMP006,113.18
10/29/2025,referral,CMP007,60.45
10/30/2025,email,CMP006,101.33
10/30/2025,referral,CMP007,66.72
10/30/2025,email,CMP005,120.6
10/30/2025,paid_social,CMP004,361.2
10/30/2025,paid_social,CMP003,295.44
10/30/2025,paid_search,CMP002,754.96
10/30/2025,paid_search,CMP001,696.62
10/31/2025,paid_search,CMP001,601.03
10/31/2025,paid_search,CMP002,714.63
10/31/2025,paid_social,CMP003,310.64
10/31/2025,paid_social,CMP004,543.7
10/31/2025,email,CMP005,135.93
10/31/2025,email,CMP006,127.39
10/31/2025,referral,CMP007,82.87
11/1/2025,email,CMP006,120.64
11/1/2025,email,CMP005,105.62
11/1/2025,paid_social,CMP004,732.92
11/1/2025,referral,CMP007,93.39
11/1/2025,paid_search,CMP002,769.05
11/1/2025,paid_search,CMP001,912.12
11/1/2025,paid_social,CMP003,790.01
11/2/2025,email,CMP006,97.79
11/2/2025,email,CMP005,145.2
11/2/2025,paid_social,CMP004,837.92
11/2/2025,referral,CMP007,90.62
11/2/2025,paid_search,CMP002,861.86
11/2/2025,paid_search,CMP001,762.74
11/2/2025,paid_social,CMP003,694.75
11/3/2025,paid_search,CMP001,840.83
11/3/2025,paid_search,CMP002,868.77
11/3/2025,paid_social,CMP003,713.97
11/3/2025,paid_social,CMP004,720.91
11/3/2025,email,CMP005,148.5
11/3/2025,email,CMP006,96.69
11/3/2025,referral,CMP007,98.77
11/4/2025,email,CMP005,123.3
11/4/2025,email,CMP006,0
11/4/2025,paid_social,CMP004,565.72
11/4/2025,referral,CMP007,0
11/4/2025,paid_search,CMP002,588.06
11/4/2025,paid_search,CMP001,935.31
11/4/2025,paid_social,CMP003,533.87
11/5/2025,paid_search,CMP001,875.4
11/5/2025,paid_search,CMP002,762.02
11/5/2025,paid_social,CMP003,547.87
11/5/2025,paid_social,CMP004,590.49
11/5/2025,email,CMP005,148.76
11/5/2025,email,CMP006,0
11/5/2025,referral,CMP007,87.13
11/6/2025,email,CMP006,142.37
11/6/2025,email,CMP005,120.21
11/6/2025,paid_social,CMP004,675.32
11/6/2025,referral,CMP007,74.87
11/6/2025,paid_search,CMP002,561.98
11/6/2025,paid_search,CMP001,589.84
11/6/2025,paid_social,CMP003,662.49
11/7/2025,email,CMP006,156.68
11/7/2025,email,CMP005,124.91
11/7/2025,paid_social,CMP004,515.9
11/7/2025,referral,CMP007,92.19
11/7/2025,paid_search,CMP002,837.6
11/7/2025,paid_search,CMP001,984.68
11/7/2025,paid_social,CMP003,541.21
11/8/2025,paid_search,CMP001,768.89
11/8/2025,paid_search,CMP002,782.66
11/8/2025,paid_social,CMP003,559.65
11/8/2025,paid_social,CMP004,564.49
11/8/2025,email,CMP005,0
11/8/2025,email,CMP006,137.48
11/8/2025,referral,CMP007,90.98
11/9/2025,email,CMP005,137.19
11/9/2025,email,CMP006,115.08
11/9/2025,paid_social,CMP004,636.8
11/9/2025,referral,CMP007,103.58
11/9/2025,paid_search,CMP002,695.29
11/9/2025,paid_social,CMP003,526.55
11/9/2025,paid_search,CMP001,846.95
11/10/2025,referral,CMP007,74.8
11/10/2025,paid_search,CMP001,732.82
11/10/2025,paid_search,CMP002,704.57
11/10/2025,paid_social,CMP003,572.11
11/10/2025,paid_social,CMP004,648.87
11/10/2025,email,CMP005,107.55
11/10/2025,email,CMP006,116.9
11/11/2025,referral,CMP007,81.47
11/11/2025,email,CMP006,117.05
11/11/2025,email,CMP005,0
11/11/2025,paid_search,CMP001,885.75
11/11/2025,paid_social,CMP003,530.79
11/11/2025,paid_search,CMP002,698.74
11/11/2025,paid_social,CMP004,640.74
11/12/2025,email,CMP005,139.15
11/12/2025,email,CMP006,161.1
11/12/2025,referral,CMP007,76.16
11/12/2025,paid_social,CMP004,638.58
11/12/2025,paid_search,CMP002,662.57
11/12/2025,paid_search,CMP001,644.51
11/12/2025,paid_social,CMP003,492.04
11/13/2025,email,CMP006,156.18
11/13/2025,email,CMP005,148.47
11/13/2025,paid_social,CMP004,657.39
11/13/2025,referral,CMP007,94.85
11/13/2025,paid_search,CMP002,842.73
11/13/2025,paid_search,CMP001,658.84
11/13/2025,paid_social,CMP003,598.69
11/14/2025,paid_search,CMP001,866.47
11/14/2025,paid_search,CMP002,685.71
11/14/2025,paid_social,CMP003,680.49
11/14/2025,paid_social,CMP004,520.61
11/14/2025,email,CMP005,127.72
11/14/2025,email,CMP006,110.05
11/14/2025,referral,CMP007,92.73
11/15/2025,email,CMP005,141.44
11/15/2025,email,CMP006,126.13
11/15/2025,paid_social,CMP004,632.38
11/15/2025,referral,CMP007,99.25
11/15/2025,paid_search,CMP002,711.26
11/15/2025,paid_search,CMP001,689.13
11/15/2025,paid_social,CMP003,650.9
11/16/2025,paid_search,CMP001,917.21
11/16/2025,paid_search,CMP002,774.56
11/16/2025,paid_social,CMP003,663.94
11/16/2025,paid_social,CMP004,583.83
11/16/2025,email,CMP005,161.17
11/16/2025,email,CMP006,152.94
11/16/2025,referral,CMP007,89.98
11/17/2025,email,CMP006,161.03
11/17/2025,email,CMP005,144.62
11/17/2025,paid_social,CMP004,628.02
11/17/2025,referral,CMP007,68.17
11/17/2025,paid_search,CMP002,684.47
11/17/2025,paid_search,CMP001,743.59
11/17/2025,paid_social,CMP003,526.15
11/18/2025,email,CMP006,113.86
11/18/2025,email,CMP005,121.24
11/18/2025,paid_social,CMP004,673.37
11/18/2025,referral,CMP007,77.06
11/18/2025,paid_search,CMP002,574.62
11/18/2025,paid_search,CMP001,657.65
11/18/2025,paid_social,CMP003,596.38
11/19/2025,paid_search,CMP001,872.07
11/19/2025,paid_search,CMP002,886.67
11/19/2025,paid_social,CMP003,560.83
11/19/2025,paid_social,CMP004,550.66
11/19/2025,email,CMP005,140.85
11/19/2025,email,CMP006,140.91
11/19/2025,referral,CMP007,93.15
11/20/2025,email,CMP006,157.92
11/20/2025,referral,CMP007,109.78
11/20/2025,email,CMP005,149.36
11/20/2025,paid_social,CMP004,578.12
11/20/2025,paid_social,CMP003,783.81
11/20/2025,paid_search,CMP002,770.02
11/20/2025,paid_search,CMP001,810.6
11/21/2025,paid_search,CMP001,765.66
11/21/2025,paid_search,CMP002,778.13
11/21/2025,paid_social,CMP003,551.22
11/21/2025,paid_social,CMP004,742.76
11/21/2025,email,CMP005,129.87
11/21/2025,email,CMP006,165.88
11/21/2025,referral,CMP007,96.56
11/22/2025,email,CMP006,96.52
11/22/2025,email,CMP005,100.03
11/22/2025,paid_social,CMP004,908.44
11/22/2025,referral,CMP007,109.12
11/22/2025,paid_search,CMP002,702.74
11/22/2025,paid_search,CMP001,671.89
11/22/2025,paid_social,CMP003,622.15
11/23/2025,email,CMP006,140.11
11/23/2025,email,CMP005,119.85
11/23/2025,paid_social,CMP004,632.28
11/23/2025,referral,CMP007,76.19
11/23/2025,paid_search,CMP002,787.12
11/23/2025,paid_search,CMP001,795.29
11/23/2025,paid_social,CMP003,745.71
11/24/2025,paid_search,CMP001,1009.48
11/24/2025,paid_search,CMP002,657.11
11/24/2025,paid_social,CMP003,743.61
11/24/2025,paid_social,CMP004,548.95
11/24/2025,email,CMP005,131.25
11/24/2025,email,CMP006,109.72
11/24/2025,referral,CMP007,96.11
11/25/2025,email,CMP005,143.81
11/25/2025,referral,CMP007,98.28
11/25/2025,paid_social,CMP004,576.69
11/25/2025,email,CMP006,112.31
11/25/2025,paid_search,CMP002,643.6
11/25/2025,paid_social,CMP003,674.57
11/25/2025,paid_search,CMP001,527.65
11/26/2025,paid_search,CMP001,802.56
11/26/2025,paid_search,CMP002,742.83
11/26/2025,paid_social,CMP003,552.65
11/26/2025,paid_social,CMP004,700.1
11/26/2025,email,CMP005,134.46
11/26/2025,email,CMP006,155.24
11/26/2025,referral,CMP007,97.23
11/27/2025,email,CMP006,0
11/27/2025,email,CMP005,106.6
11/27/2025,paid_social,CMP004,622.57
11/27/2025,referral,CMP007,92.88
11/27/2025,paid_search,CMP002,1005.94
11/27/2025,paid_search,CMP001,820.07
11/27/2025,paid_social,CMP003,659.63
11/28/2025,email,CMP006,140.49
11/28/2025,email,CMP005,146.22
11/28/2025,paid_social,CMP004,801.71
11/28/2025,referral,CMP007,80.03
11/28/2025,paid_search,CMP002,620.03
11/28/2025,paid_search,CMP001,819.01
11/28/2025,paid_social,CMP003,707.35
11/29/2025,paid_search,CMP001,687.21
11/29/2025,paid_search,CMP002,786.51
11/29/2025,paid_social,CMP003,560.75
11/29/2025,paid_social,CMP004,529.22
11/29/2025,email,CMP005,110.32
11/29/2025,email,CMP006,149.9
11/29/2025,referral,CMP007,99.2
11/30/2025,email,CMP005,143.31
11/30/2025,referral,CMP007,97.12
11/30/2025,paid_social,CMP004,592.58
11/30/2025,email,CMP006,131.3
11/30/2025,paid_search,CMP002,778.25
11/30/2025,paid_search,CMP001,685.79
11/30/2025,paid_social,CMP003,744.28
12/1/2025,paid_search,CMP001,669.76
12/1/2025,paid_search,CMP002,841.72
12/1/2025,paid_social,CMP003,679.38
12/1/2025,paid_social,CMP004,606.85
12/1/2025,email,CMP005,139.62
12/1/2025,email,CMP006,146.83
12/1/2025,referral,CMP007,88.58
12/1/2025,paid_social,CMP008,639.84
12/2/2025,paid_social,CMP008,966.72
12/2/2025,referral,CMP007,116.34
12/2/2025,email,CMP006,103.64
12/2/2025,email,CMP005,136.1
12/2/2025,paid_search,CMP001,705.97
12/2/2025,paid_social,CMP003,640.54
12/2/2025,paid_search,CMP002,713.55
12/2/2025,paid_social,CMP004,867.01
12/3/2025,email,CMP006,144
12/3/2025,paid_social,CMP008,1025.91
12/3/2025,referral,CMP007,93.45
12/3/2025,email,CMP005,143.55
12/3/2025,paid_search,CMP001,679.79
12/3/2025,paid_social,CMP003,674.5
12/3/2025,paid_search,CMP002,526.91
12/3/2025,paid_social,CMP004,612.79
12/4/2025,paid_search,CMP001,654.58
12/4/2025,paid_search,CMP002,953.24
12/4/2025,paid_social,CMP003,574.67
12/4/2025,paid_social,CMP004,620.73
12/4/2025,email,CMP005,167.9
12/4/2025,email,CMP006,183.82
12/4/2025,referral,CMP007,82.89
12/4/2025,paid_social,CMP008,757.11
12/5/2025,email,CMP006,123.17
12/5/2025,paid_social,CMP008,949.19
12/5/2025,referral,CMP007,80.49
12/5/2025,email,CMP005,141.18
12/5/2025,paid_social,CMP004,716.99
12/5/2025,paid_social,CMP003,456.11
12/5/2025,paid_search,CMP002,820.97
12/5/2025,paid_search,CMP001,696.24
12/6/2025,paid_search,CMP001,777.93
12/6/2025,paid_search,CMP002,734.84
12/6/2025,paid_social,CMP003,584.14
12/6/2025,paid_social,CMP004,639.99
12/6/2025,email,CMP005,120.58
12/6/2025,email,CMP006,169.71
12/6/2025,referral,CMP007,0
12/6/2025,paid_social,CMP008,840.16
12/7/2025,paid_social,CMP008,738.41
12/7/2025,referral,CMP007,94.76
12/7/2025,email,CMP006,0
12/7/2025,email,CMP005,150.48
12/7/2025,paid_search,CMP001,853.51
12/7/2025,paid_social,CMP003,752.18
12/7/2025,paid_search,CMP002,887.84
12/7/2025,paid_social,CMP004,555.05
12/8/2025,email,CMP006,150.81
12/8/2025,paid_social,CMP008,846.87
12/8/2025,referral,CMP007,81.91
12/8/2025,email,CMP005,148.05
12/8/2025,paid_search,CMP001,825.8
12/8/2025,paid_social,CMP003,569.64
12/8/2025,paid_search,CMP002,743.34
12/8/2025,paid_social,CMP004,700.48
12/9/2025,paid_search,CMP001,687.98
12/9/2025,paid_search,CMP002,974.6
12/9/2025,paid_social,CMP003,587.38
12/9/2025,paid_social,CMP004,654.97
12/9/2025,email,CMP005,165.83
12/9/2025,email,CMP006,114.33
12/9/2025,referral,CMP007,96.9
12/9/2025,paid_social,CMP008,1017.84
12/10/2025,email,CMP006,133.3
12/10/2025,paid_social,CMP008,765.9
12/10/2025,referral,CMP007,118.35
12/10/2025,email,CMP005,188.99
12/10/2025,paid_search,CMP001,804.5
12/10/2025,paid_social,CMP003,635.25
12/10/2025,paid_search,CMP002,718.29
12/10/2025,paid_social,CMP004,610.96
12/11/2025,paid_search,CMP001,880
12/11/2025,paid_search,CMP002,600.97
12/11/2025,paid_social,CMP003,657.62
12/11/2025,paid_social,CMP004,727.43
12/11/2025,email,CMP005,116.72
12/11/2025,email,CMP006,0
12/11/2025,referral,CMP007,100.25
12/11/2025,paid_social,CMP008,837.26
12/12/2025,paid_social,CMP008,872.23
12/12/2025,referral,CMP007,116.9
12/12/2025,email,CMP006,0
12/12/2025,email,CMP005,155.47
12/12/2025,paid_social,CMP003,605.48
12/12/2025,paid_search,CMP002,763.7
12/12/2025,paid_search,CMP001,837.6
12/12/2025,paid_social,CMP004,802.77
12/13/2025,paid_search,CMP001,824.85
12/13/2025,paid_search,CMP002,589.4
12/13/2025,paid_social,CMP003,513.3
12/13/2025,paid_social,CMP004,616.14
12/13/2025,email,CMP005,157.63
12/13/2025,email,CMP006,172.04
12/13/2025,referral,CMP007,101.27
12/13/2025,paid_social,CMP008,782.08
12/14/2025,email,CMP006,142.99
12/14/2025,paid_social,CMP008,802.87
12/14/2025,referral,CMP007,90.14
12/14/2025,email,CMP005,137.14
12/14/2025,paid_social,CMP004,570.46
12/14/2025,paid_social,CMP003,735.25
12/14/2025,paid_search,CMP002,753.04
12/14/2025,paid_search,CMP001,806.51
12/15/2025,paid_search,CMP001,961.67
12/15/2025,paid_search,CMP002,788.35
12/15/2025,paid_social,CMP003,704.17
12/15/2025,paid_social,CMP004,542.28
12/15/2025,email,CMP005,142.46
12/15/2025,email,CMP006,117.51
12/15/2025,referral,CMP007,104.75
12/15/2025,paid_social,CMP008,904.8
12/16/2025,paid_social,CMP008,707.75
12/16/2025,referral,CMP007,78.28
12/16/2025,email,CMP006,165.79
12/16/2025,email,CMP005,121.95
12/16/2025,paid_social,CMP004,651.92
12/16/2025,paid_social,CMP003,615.92
12/16/2025,paid_search,CMP002,796.54
12/16/2025,paid_search,CMP001,789.11
12/17/2025,paid_search,CMP001,848.8
12/17/2025,paid_search,CMP002,599.06
12/17/2025,paid_social,CMP003,590.1
12/17/2025,paid_social,CMP004,657.11
12/17/2025,email,CMP005,94.91
12/17/2025,email,CMP006,127.68
12/17/2025,referral,CMP007,100.46
12/17/2025,paid_social,CMP008,806.13
12/18/2025,referral,CMP007,71.01
12/18/2025,email,CMP006,91.86
12/18/2025,email,CMP005,112.6
12/18/2025,paid_social,CMP008,786.79
12/18/2025,paid_social,CMP003,719.47
12/18/2025,paid_search,CMP002,795.83
12/18/2025,paid_search,CMP001,601.71
12/18/2025,paid_social,CMP004,530.29
12/19/2025,paid_search,CMP001,694.44
12/19/2025,paid_search,CMP002,676.56
12/19/2025,paid_social,CMP003,658.04
12/19/2025,paid_social,CMP004,708.24
12/19/2025,email,CMP005,93.15
12/19/2025,email,CMP006,138.81
12/19/2025,referral,CMP007,88.43
12/19/2025,paid_social,CMP008,790.98
12/20/2025,referral,CMP007,76.59
12/20/2025,email,CMP006,144.06
12/20/2025,email,CMP005,164.06
12/20/2025,paid_social,CMP008,893
12/20/2025,paid_social,CMP003,600.43
12/20/2025,paid_search,CMP002,726.23
12/20/2025,paid_search,CMP001,508.01
12/20/2025,paid_social,CMP004,608.47
12/21/2025,referral,CMP007,105.68
12/21/2025,email,CMP006,167.62
12/21/2025,email,CMP005,125.6
12/21/2025,paid_social,CMP008,738.2
12/21/2025,paid_social,CMP003,566.12
12/21/2025,paid_search,CMP002,777.03
12/21/2025,paid_search,CMP001,844.4
12/21/2025,paid_social,CMP004,648.75
12/22/2025,paid_search,CMP001,687.3
12/22/2025,paid_search,CMP002,874.87
12/22/2025,paid_social,CMP003,712.31
12/22/2025,paid_social,CMP004,707.31
12/22/2025,email,CMP005,122.87
12/22/2025,email,CMP006,176.83
12/22/2025,referral,CMP007,97.88
12/22/2025,paid_social,CMP008,732.63
12/23/2025,email,CMP006,119.93
12/23/2025,referral,CMP007,84.25
12/23/2025,email,CMP005,147.56
12/23/2025,paid_social,CMP008,994.53
12/23/2025,paid_social,CMP003,656.89
12/23/2025,paid_search,CMP002,546.32
12/23/2025,paid_search,CMP001,676.94
12/23/2025,paid_social,CMP004,556.88
12/24/2025,paid_search,CMP001,850.95
12/24/2025,paid_search,CMP002,583.44
12/24/2025,paid_social,CMP003,649.72
12/24/2025,paid_social,CMP004,635.67
12/24/2025,email,CMP005,176.93
12/24/2025,email,CMP006,152.16
12/24/2025,referral,CMP007,111.97
12/24/2025,paid_social,CMP008,1006.39
12/25/2025,paid_social,CMP008,732.86
12/25/2025,referral,CMP007,93.15
12/25/2025,email,CMP006,106.62
12/25/2025,email,CMP005,130.92
12/25/2025,paid_social,CMP004,516.04
12/25/2025,paid_social,CMP003,883.01
12/25/2025,paid_search,CMP002,790.27
12/25/2025,paid_search,CMP001,647.2
12/26/2025,paid_search,CMP001,632.66
12/26/2025,paid_search,CMP002,704.91
12/26/2025,paid_social,CMP003,584.24
12/26/2025,paid_social,CMP004,507.24
12/26/2025,email,CMP005,95.79
12/26/2025,email,CMP006,141.51
12/26/2025,referral,CMP007,0
12/26/2025,paid_social,CMP008,724.89
12/27/2025,referral,CMP007,110.07
12/27/2025,email,CMP006,0
12/27/2025,email,CMP005,139.68
12/27/2025,paid_social,CMP008,793.79
12/27/2025,paid_social,CMP003,618.48
12/27/2025,paid_search,CMP002,562.03
12/27/2025,paid_search,CMP001,801.1
12/27/2025,paid_social,CMP004,555.75
12/28/2025,paid_search,CMP001,817.61
12/28/2025,paid_search,CMP002,589.99
12/28/2025,paid_social,CMP003,643.29
12/28/2025,paid_social,CMP004,729.18
12/28/2025,email,CMP005,150.72
12/28/2025,email,CMP006,124.45
12/28/2025,referral,CMP007,116.48
12/28/2025,paid_social,CMP008,989.34
12/29/2025,referral,CMP007,114.03
12/29/2025,email,CMP006,166.79
12/29/2025,email,CMP005,166.68
12/29/2025,paid_social,CMP008,966.88
12/29/2025,paid_social,CMP003,758.37
12/29/2025,paid_search,CMP002,657.9
12/29/2025,paid_search,CMP001,938.49
12/29/2025,paid_social,CMP004,741.01
12/30/2025,referral,CMP007,141.17
12/30/2025,email,CMP006,121.48
12/30/2025,email,CMP005,0
12/30/2025,paid_social,CMP008,920.6
12/30/2025,paid_social,CMP003,713.27
12/30/2025,paid_search,CMP002,814.66
12/30/2025,paid_search,CMP001,939.81
12/30/2025,paid_social,CMP004,533.74
12/31/2025,paid_search,CMP001,733.11
12/31/2025,paid_search,CMP002,704.13
12/31/2025,paid_social,CMP003,768.38
12/31/2025,paid_social,CMP004,587.66
12/31/2025,email,CMP005,0
12/31/2025,email,CMP006,0
12/31/2025,referral,CMP007,102.18
12/31/2025,paid_social,CMP008,883.38
1/1/2026,email,CMP006,117.41
1/1/2026,paid_social,CMP008,825.73
1/1/2026,referral,CMP007,97.03
1/1/2026,email,CMP005,87.2
1/1/2026,paid_social,CMP004,559.26
1/1/2026,paid_social,CMP003,572.16
1/1/2026,paid_search,CMP002,449.57
1/1/2026,paid_search,CMP001,732.47
1/2/2026,paid_search,CMP001,819.88
1/2/2026,paid_search,CMP002,607.46
1/2/2026,paid_social,CMP003,396.79
1/2/2026,paid_social,CMP004,681.11
1/2/2026,email,CMP005,0
1/2/2026,email,CMP006,122.94
1/2/2026,referral,CMP007,83.61
1/2/2026,paid_social,CMP008,838.56
1/3/2026,paid_social,CMP008,678.5
1/3/2026,referral,CMP007,61.18
1/3/2026,email,CMP006,103.26
1/3/2026,email,CMP005,83.32
1/3/2026,paid_social,CMP004,566.36
1/3/2026,paid_social,CMP003,455.23
1/3/2026,paid_search,CMP002,431.25
1/3/2026,paid_search,CMP001,552.09
1/4/2026,paid_search,CMP001,700.23
1/4/2026,paid_search,CMP002,743.52
1/4/2026,paid_social,CMP003,500.07
1/4/2026,paid_social,CMP004,533.71
1/4/2026,email,CMP005,156.21
1/4/2026,email,CMP006,111.57
1/4/2026,referral,CMP007,88.4
1/4/2026,paid_social,CMP008,779.51
1/5/2026,referral,CMP007,87.24
1/5/2026,email,CMP006,89.31
1/5/2026,email,CMP005,112.76
1/5/2026,paid_social,CMP008,779.64
1/5/2026,paid_social,CMP003,541.86
1/5/2026,paid_search,CMP002,848.94
1/5/2026,paid_search,CMP001,568.73
1/5/2026,paid_social,CMP004,561.32
1/6/2026,paid_search,CMP001,584.42
1/6/2026,paid_search,CMP002,954.06
1/6/2026,paid_social,CMP003,435.08
1/6/2026,paid_social,CMP004,364.66
1/6/2026,email,CMP005,119.92
1/6/2026,email,CMP006,144.67
1/6/2026,referral,CMP007,0
1/6/2026,paid_social,CMP008,851.59
1/7/2026,referral,CMP007,69.03
1/7/2026,email,CMP006,117.52
1/7/2026,email,CMP005,152.75
1/7/2026,paid_social,CMP008,657.61
1/7/2026,paid_social,CMP003,565.99
1/7/2026,paid_search,CMP002,723.14
1/7/2026,paid_search,CMP001,663.38
1/7/2026,paid_social,CMP004,788.96
1/8/2026,referral,CMP007,0
1/8/2026,email,CMP006,129.08
1/8/2026,email,CMP005,109.47
1/8/2026,paid_social,CMP008,765.53
1/8/2026,paid_social,CMP003,365.45
1/8/2026,paid_search,CMP002,764.21
1/8/2026,paid_search,CMP001,911.71
1/8/2026,paid_social,CMP004,624.95
1/9/2026,paid_search,CMP001,527.02
1/9/2026,paid_search,CMP002,726.92
1/9/2026,paid_social,CMP003,535.17
1/9/2026,paid_social,CMP004,588.45
1/9/2026,email,CMP005,112.25
1/9/2026,email,CMP006,0
1/9/2026,referral,CMP007,70.92
1/9/2026,paid_social,CMP008,769.94
1/10/2026,email,CMP006,130.19
1/10/2026,referral,CMP007,0
1/10/2026,email,CMP005,154.24
1/10/2026,paid_social,CMP008,629.99
1/10/2026,paid_social,CMP003,692.18
1/10/2026,paid_search,CMP002,572.39
1/10/2026,paid_search,CMP001,736.04
1/10/2026,paid_social,CMP004,624.92
1/11/2026,paid_search,CMP001,801.34
1/11/2026,paid_search,CMP002,735.03
1/11/2026,paid_social,CMP003,524.15
1/11/2026,paid_social,CMP004,502.73
1/11/2026,email,CMP005,110.9
1/11/2026,email,CMP006,119.22
1/11/2026,referral,CMP007,59.68
1/12/2026,email,CMP006,145.58
1/12/2026,email,CMP005,135.8
1/12/2026,paid_social,CMP004,596.92
1/12/2026,referral,CMP007,81.09
1/12/2026,paid_search,CMP002,603.49
1/12/2026,paid_search,CMP001,755.92
1/12/2026,paid_social,CMP003,573.46
1/13/2026,email,CMP006,127.22
1/13/2026,email,CMP005,87.15
1/13/2026,paid_social,CMP004,611.99
1/13/2026,referral,CMP007,73.66
1/13/2026,paid_search,CMP002,558.32
1/13/2026,paid_search,CMP001,684.44
1/13/2026,paid_social,CMP003,472.05
1/14/2026,paid_search,CMP001,808.17
1/14/2026,paid_search,CMP002,549.23
1/14/2026,paid_social,CMP003,586.27
1/14/2026,paid_social,CMP004,528.57
1/14/2026,email,CMP005,122.94
1/14/2026,email,CMP006,108.74
1/14/2026,referral,CMP007,79.41
1/15/2026,email,CMP005,120.81
1/15/2026,email,CMP006,151.13
1/15/2026,paid_social,CMP004,523.86
1/15/2026,referral,CMP007,72.5
1/15/2026,paid_search,CMP002,619.13
1/15/2026,paid_social,CMP003,487.28
1/15/2026,paid_search,CMP001,500.16
1/16/2026,referral,CMP007,79.69
1/16/2026,paid_search,CMP001,716.47
1/16/2026,paid_search,CMP002,821.98
1/16/2026,paid_social,CMP003,707.39
1/16/2026,paid_social,CMP004,476.37
1/16/2026,email,CMP005,124.77
1/16/2026,email,CMP006,130.27
1/17/2026,referral,CMP007,96.46
1/17/2026,email,CMP006,125.74
1/17/2026,email,CMP005,101.16
1/17/2026,paid_search,CMP001,700.46
1/17/2026,paid_social,CMP003,490.71
1/17/2026,paid_search,CMP002,542.41
1/17/2026,paid_social,CMP004,699.1
1/18/2026,email,CMP005,81.43
1/18/2026,email,CMP006,138.46
1/18/2026,referral,CMP007,89.53
1/18/2026,paid_social,CMP004,505.35
1/18/2026,paid_search,CMP002,703.44
1/18/2026,paid_search,CMP001,480.05
1/18/2026,paid_social,CMP003,419.98
1/19/2026,email,CMP006,0
1/19/2026,email,CMP005,89.39
1/19/2026,paid_social,CMP004,688.76
1/19/2026,referral,CMP007,72.27
1/19/2026,paid_search,CMP002,528.53
1/19/2026,paid_search,CMP001,744.96
1/19/2026,paid_social,CMP003,641.12
1/20/2026,paid_search,CMP001,773.69
1/20/2026,paid_search,CMP002,564.47
1/20/2026,paid_social,CMP003,413.79
1/20/2026,paid_social,CMP004,654.48
1/20/2026,email,CMP005,116.32
1/20/2026,email,CMP006,66.69
1/20/2026,referral,CMP007,93.26
1/21/2026,referral,CMP007,76.96
1/21/2026,email,CMP006,0
1/21/2026,email,CMP005,149.48
1/21/2026,paid_search,CMP002,579.2
1/21/2026,paid_social,CMP003,592.06
1/21/2026,paid_search,CMP001,523.19
1/21/2026,paid_social,CMP004,533.88
1/22/2026,paid_search,CMP001,710.99
1/22/2026,paid_search,CMP002,724.99
1/22/2026,paid_social,CMP003,528.99
1/22/2026,paid_social,CMP004,623.71
1/22/2026,email,CMP005,103.83
1/22/2026,email,CMP006,122.08
1/22/2026,referral,CMP007,65.79
1/23/2026,email,CMP006,100.53
1/23/2026,email,CMP005,87.96
1/23/2026,paid_social,CMP004,559.04
1/23/2026,referral,CMP007,64.94
1/23/2026,paid_search,CMP002,632.75
1/23/2026,paid_search,CMP001,515.15
1/23/2026,paid_social,CMP003,492.61
1/24/2026,email,CMP006,153.72
1/24/2026,email,CMP005,163.36
1/24/2026,paid_social,CMP004,515.72
1/24/2026,referral,CMP007,0
1/24/2026,paid_search,CMP002,402.67
1/24/2026,paid_search,CMP001,438.36
1/24/2026,paid_social,CMP003,582.43
1/25/2026,paid_search,CMP001,505.03
1/25/2026,paid_search,CMP002,541.22
1/25/2026,paid_social,CMP003,380.29
1/25/2026,paid_social,CMP004,407.6
1/25/2026,email,CMP005,114.47
1/25/2026,email,CMP006,0
1/25/2026,referral,CMP007,59.93
1/26/2026,email,CMP005,139.99
1/26/2026,referral,CMP007,83.54
1/26/2026,paid_social,CMP004,449.32
1/26/2026,email,CMP006,168.41
1/26/2026,paid_search,CMP002,442.85
1/26/2026,paid_search,CMP001,694.79
1/26/2026,paid_social,CMP003,643.65
1/27/2026,email,CMP006,102.69
1/27/2026,email,CMP005,132.53
1/27/2026,paid_social,CMP004,755.45
1/27/2026,referral,CMP007,97.84
1/27/2026,paid_search,CMP002,637.26
1/27/2026,paid_search,CMP001,733.28
1/27/2026,paid_social,CMP003,557.64
1/28/2026,paid_search,CMP001,450.72
1/28/2026,paid_search,CMP002,618.03
1/28/2026,paid_social,CMP003,531.38
1/28/2026,paid_social,CMP004,505.88
1/28/2026,email,CMP005,101.46
1/28/2026,email,CMP006,126.37
1/28/2026,referral,CMP007,58.11
1/29/2026,referral,CMP007,103.83
1/29/2026,email,CMP006,105.46
1/29/2026,email,CMP005,147.28
1/29/2026,paid_search,CMP002,596.87
1/29/2026,paid_social,CMP003,362.03
1/29/2026,paid_search,CMP001,756.18
1/29/2026,paid_social,CMP004,582.1
1/30/2026,referral,CMP007,85.87
1/30/2026,email,CMP005,114.69
1/30/2026,paid_social,CMP004,628.84
1/30/2026,email,CMP006,144.4
1/30/2026,paid_search,CMP002,614.03
1/30/2026,paid_search,CMP001,861.69
1/30/2026,paid_social,CMP003,542.68
1/31/2026,email,CMP006,167.5
1/31/2026,paid_search,CMP001,1001.29
1/31/2026,paid_search,CMP002,866.89
1/31/2026,paid_social,CMP003,563.03
1/31/2026,paid_social,CMP004,462.17
1/31/2026,email,CMP005,135.83
1/31/2026,referral,CMP007,74.4
