customer_id,signup_date,country,acquisition_channel,first_purchase_date
100845,8/1/2025,US,email,
101481,8/1/2025,NG,organic,11/9/2025
100772,8/1/2025,US,organic,8/15/2025
101948,8/1/2025,NL,organic,10/21/2025
101487,8/1/2025,CA,paid_search,
100380,8/1/2025,NG,paid_social,
101236,8/1/2025,NG,paid_social,
100900,8/1/2025,US,paid_search,
101738,8/1/2025,UK,paid_search,8/26/2025
101912,8/1/2025,NG,paid_social,8/3/2025
101549,8/1/2025,NG,paid_social,
101293,8/1/2025,NG,referral,
101408,8/1/2025,NG,direct,
101995,8/1/2025,NG,paid_social,
101621,8/1/2025,NL,direct,
100103,8/2/2025,CA,organic,
101278,8/2/2025,CA,paid_social,9/25/2025
100464,8/2/2025,US,organic,
100706,8/2/2025,NG,paid_social,
100844,8/2/2025,NG,direct,1/28/2026
101762,8/2/2025,NG,direct,
100302,8/2/2025,UK,paid_social,
101189,8/2/2025,NL,email,
101069,8/2/2025,NG,paid_search,11/16/2025
101174,8/2/2025,NG,organic,
100574,8/2/2025,NG,paid_social,
101806,8/2/2025,NG,paid_social,
101531,8/2/2025,US,paid_social,10/10/2025
100409,8/3/2025,UK,paid_search,
100838,8/3/2025,UK,organic,
101681,8/3/2025,CA,paid_search,11/6/2025
100888,8/3/2025,CA,direct,
101037,8/3/2025,NG,organic,1/26/2026
100800,8/3/2025,US,paid_search,10/1/2025
100789,8/3/2025,NG,organic,
101120,8/3/2025,NG,direct,
101365,8/4/2025,US,paid_search,1/25/2026
100299,8/4/2025,NG,paid_search,
100414,8/4/2025,NG,paid_social,
101593,8/4/2025,NG,paid_search,
100477,8/4/2025,FR,direct,
100539,8/4/2025,NG,paid_social,
101528,8/4/2025,CA,paid_social,
100232,8/4/2025,NG,email,10/11/2025
101623,8/4/2025,NL,direct,
101651,8/4/2025,NG,organic,
100453,8/5/2025,NL,paid_search,
101743,8/5/2025,UK,paid_social,
101782,8/5/2025,US,direct,11/1/2025
100428,8/5/2025,UK,direct,
101179,8/5/2025,NL,direct,8/25/2025
100368,8/5/2025,NG,paid_search,
101166,8/5/2025,DE,paid_search,
100271,8/5/2025,NG,referral,
101398,8/5/2025,NG,paid_search,1/23/2026
100169,8/5/2025,NG,organic,8/17/2025
100820,8/5/2025,NL,organic,
101535,8/6/2025,US,paid_search,
101492,8/6/2025,NG,direct,1/24/2026
100384,8/6/2025,NL,paid_search,
100137,8/6/2025,NG,paid_search,
101943,8/6/2025,NG,direct,9/28/2025
100829,8/6/2025,NG,organic,
101299,8/6/2025,UK,organic,11/19/2025
100786,8/6/2025,NG,direct,
101589,8/6/2025,NG,direct,
101868,8/6/2025,NL,email,
100146,8/7/2025,UK,organic,
101265,8/7/2025,NG,email,
101445,8/7/2025,US,email,
100843,8/7/2025,NL,organic,
100327,8/7/2025,US,organic,
100662,8/7/2025,UK,direct,
100116,8/7/2025,NG,paid_search,
101908,8/7/2025,NL,organic,10/19/2025
101682,8/7/2025,NG,organic,1/9/2026
100969,8/7/2025,NG,paid_search,
101239,8/8/2025,NG,organic,11/26/2025
101451,8/8/2025,UK,direct,
100249,8/8/2025,NL,email,
101098,8/8/2025,NG,organic,
100561,8/8/2025,US,email,1/28/2026
100816,8/8/2025,UK,email,
100869,8/8/2025,CA,email,
101870,8/8/2025,US,email,11/24/2025
100901,8/8/2025,NG,organic,
101018,8/8/2025,US,paid_search,
100351,8/9/2025,CA,paid_search,
101525,8/9/2025,NG,referral,
101517,8/9/2025,NG,paid_social,
101462,8/9/2025,NG,paid_social,
100810,8/9/2025,NG,referral,
101269,8/9/2025,CA,organic,
100055,8/9/2025,US,email,
100396,8/9/2025,NG,paid_search,
101805,8/9/2025,NG,organic,
101109,8/9/2025,NG,email,
101780,8/9/2025,NG,paid_social,8/5/2025
101641,8/10/2025,UK,paid_search,
101463,8/10/2025,US,direct,
100545,8/10/2025,NG,email,11/3/2025
100886,8/10/2025,NG,direct,
101285,8/10/2025,NG,paid_search,
100583,8/10/2025,NG,organic,
101975,8/10/2025,CA,paid_social,
100847,8/10/2025,US,organic,9/30/2025
100573,8/10/2025,CA,email,
101452,8/10/2025,US,organic,1/2/2026
101652,8/10/2025,CA,paid_search,
101982,8/10/2025,NG,paid_social,10/13/2025
100698,8/10/2025,NL,paid_search,8/21/2025
101800,8/11/2025,FR,email,
100541,8/11/2025,NG,referral,
100149,8/11/2025,DE,paid_search,
101025,8/11/2025,NG,direct,12/21/2025
100857,8/11/2025,NG,email,
101020,8/11/2025,US,paid_social,
101266,8/11/2025,UK,email,
100897,8/11/2025,NG,paid_social,
101978,8/11/2025,UK,organic,
101135,8/11/2025,NG,paid_search,
101410,8/12/2025,US,paid_social,
100618,8/12/2025,FR,paid_social,
101469,8/12/2025,NG,paid_social,
100035,8/12/2025,US,organic,
101888,8/12/2025,NG,paid_social,
101350,8/12/2025,NG,paid_search,
100278,8/12/2025,CA,paid_social,12/25/2025
101614,8/12/2025,NG,paid_social,8/11/2025
101361,8/13/2025,NG,referral,
100517,8/13/2025,NL,paid_search,
100898,8/13/2025,NG,paid_search,
100386,8/13/2025,UK,referral,
101768,8/13/2025,CA,paid_search,
101455,8/13/2025,NG,paid_social,
101034,8/13/2025,NG,paid_search,
100044,8/13/2025,NG,organic,8/26/2025
100658,8/14/2025,NG,direct,
101952,8/14/2025,NG,paid_social,
101833,8/14/2025,CA,organic,
101214,8/14/2025,NL,referral,
101910,8/14/2025,UK,paid_search,
101252,8/14/2025,NG,paid_search,
101021,8/14/2025,NG,paid_search,10/3/2025
101587,8/15/2025,NG,direct,1/5/2026
100216,8/15/2025,NG,paid_social,
100068,8/15/2025,NG,organic,
100126,8/15/2025,NG,referral,9/3/2025
101095,8/15/2025,NG,paid_social,
101570,8/15/2025,NG,paid_social,
100438,8/15/2025,NL,paid_search,
101054,8/15/2025,NG,organic,1/3/2026
101026,8/15/2025,CA,organic,9/30/2025
100677,8/16/2025,NG,referral,
101255,8/16/2025,NG,paid_search,8/30/2025
101327,8/16/2025,NG,organic,
100880,8/16/2025,NG,organic,
101360,8/16/2025,CA,paid_social,
101121,8/16/2025,NG,organic,
100752,8/16/2025,DE,email,
100430,8/16/2025,NL,referral,
100245,8/16/2025,NG,referral,8/9/2025
100279,8/16/2025,US,paid_search,
100006,8/16/2025,NL,referral,
101850,8/16/2025,NG,paid_search,10/8/2025
100000,8/17/2025,NG,organic,
100727,8/17/2025,CA,paid_social,
100195,8/17/2025,NG,paid_social,
100825,8/17/2025,NG,referral,1/8/2026
100032,8/17/2025,NG,paid_social,
101632,8/17/2025,DE,paid_social,
101542,8/17/2025,NG,direct,
100909,8/17/2025,DE,organic,10/17/2025
100694,8/17/2025,US,organic,
101930,8/17/2025,US,organic,10/18/2025
101530,8/17/2025,US,organic,
100171,8/17/2025,UK,organic,
100358,8/17/2025,US,organic,
101808,8/17/2025,NG,email,
100132,8/17/2025,NG,paid_search,9/15/2025
101720,8/17/2025,NG,email,
101841,8/18/2025,NG,email,
100375,8/18/2025,NG,email,
100950,8/18/2025,NL,email,
100086,8/18/2025,UK,paid_search,1/4/2026
100242,8/18/2025,NG,direct,8/13/2025
100790,8/18/2025,UK,paid_social,12/18/2025
100976,8/18/2025,NG,paid_search,
100217,8/18/2025,US,paid_search,
101689,8/18/2025,NG,organic,
100009,8/18/2025,NG,organic,8/18/2025
100673,8/18/2025,NG,paid_social,8/9/2025
100699,8/18/2025,UK,email,
100580,8/18/2025,DE,organic,
100587,8/19/2025,US,email,
101449,8/19/2025,US,paid_search,
101787,8/19/2025,NG,organic,11/4/2025
101879,8/19/2025,NG,paid_social,10/3/2025
101435,8/19/2025,NL,referral,8/27/2025
100890,8/19/2025,NG,paid_search,
101358,8/19/2025,FR,email,
101737,8/19/2025,NG,paid_search,
101288,8/19/2025,NG,direct,
100579,8/19/2025,DE,paid_search,
100309,8/20/2025,NL,paid_search,10/8/2025
100170,8/20/2025,NG,direct,
100515,8/20/2025,NG,organic,
101854,8/20/2025,UK,paid_search,
100582,8/20/2025,NG,paid_social,
100459,8/20/2025,NG,organic,10/14/2025
101165,8/20/2025,NG,paid_social,8/17/2025
100257,8/20/2025,CA,paid_social,11/28/2025
100321,8/20/2025,NG,email,1/14/2026
101826,8/20/2025,NG,paid_search,11/1/2025
101729,8/20/2025,DE,paid_social,
101226,8/20/2025,UK,organic,
100817,8/20/2025,NG,paid_social,
101578,8/21/2025,NG,email,
101271,8/21/2025,US,email,8/26/2025
101215,8/21/2025,NG,paid_search,9/24/2025
101815,8/21/2025,US,paid_search,
100479,8/21/2025,NG,referral,11/18/2025
101866,8/21/2025,NG,paid_social,
101537,8/21/2025,NG,direct,12/10/2025
100872,8/21/2025,FR,paid_search,
101465,8/21/2025,UK,paid_search,
101483,8/21/2025,NG,paid_social,
100807,8/21/2025,NG,organic,8/5/2025
100500,8/21/2025,US,paid_social,9/22/2025
101488,8/21/2025,NG,paid_social,8/21/2025
101019,8/22/2025,NG,organic,
100725,8/22/2025,NG,organic,
100312,8/22/2025,US,referral,
100777,8/22/2025,NG,paid_search,
101320,8/22/2025,NG,organic,12/8/2025
101342,8/22/2025,UK,referral,
100945,8/22/2025,NL,direct,
101945,8/22/2025,NG,organic,
100364,8/22/2025,NG,paid_social,8/1/2025
100119,8/22/2025,DE,paid_social,
100537,8/22/2025,UK,referral,11/22/2025
100496,8/22/2025,CA,organic,
100197,8/22/2025,US,paid_search,
100782,8/23/2025,NG,direct,
100783,8/23/2025,NG,paid_social,
100862,8/23/2025,FR,organic,10/12/2025
100435,8/23/2025,FR,referral,
101875,8/23/2025,NG,referral,
100723,8/23/2025,US,email,
100417,8/23/2025,NG,organic,
101156,8/23/2025,NG,direct,
100385,8/23/2025,NG,organic,9/10/2025
101237,8/23/2025,NG,direct,
100873,8/23/2025,FR,paid_search,
101604,8/23/2025,NG,organic,
101049,8/23/2025,NG,organic,9/9/2025
101618,8/23/2025,CA,email,11/8/2025
101629,8/24/2025,NG,paid_social,10/8/2025
100944,8/24/2025,CA,paid_search,
101927,8/24/2025,US,email,12/25/2025
100220,8/24/2025,NG,paid_social,
101004,8/24/2025,NG,referral,11/20/2025
100758,8/24/2025,DE,direct,
100704,8/24/2025,NG,paid_search,
100156,8/24/2025,NG,paid_search,
100073,8/24/2025,NL,organic,
101804,8/24/2025,NG,organic,1/1/2026
100017,8/24/2025,CA,paid_search,11/9/2025
101609,8/24/2025,NG,direct,
101894,8/25/2025,FR,organic,
100603,8/25/2025,CA,paid_social,12/23/2025
100413,8/25/2025,NL,paid_search,
101925,8/25/2025,US,paid_social,8/1/2025
101775,8/25/2025,NG,paid_search,
100947,8/25/2025,NL,paid_search,
100433,8/25/2025,NG,paid_social,
100669,8/25/2025,CA,referral,9/24/2025
101818,8/25/2025,NG,referral,
100442,8/25/2025,NG,paid_search,
101644,8/25/2025,NG,paid_social,
101357,8/25/2025,NG,paid_social,
101444,8/26/2025,NG,paid_search,
100328,8/26/2025,NG,email,
101835,8/26/2025,US,organic,10/9/2025
100099,8/26/2025,NG,paid_search,
100461,8/26/2025,NG,organic,
100305,8/26/2025,NL,paid_search,
100240,8/26/2025,CA,direct,9/27/2025
100822,8/26/2025,NG,referral,
101527,8/26/2025,DE,organic,
100768,8/26/2025,NG,organic,
100117,8/26/2025,UK,organic,
101341,8/26/2025,NG,paid_search,
100619,8/26/2025,NG,direct,
100720,8/26/2025,NG,organic,
100681,8/26/2025,CA,paid_search,11/23/2025
101962,8/27/2025,NG,email,
101186,8/27/2025,CA,paid_search,12/22/2025
100527,8/27/2025,NG,paid_search,9/15/2025
100923,8/27/2025,NG,direct,8/13/2025
101089,8/27/2025,NG,paid_search,
100833,8/27/2025,NG,email,12/20/2025
101611,8/27/2025,CA,paid_social,
101934,8/27/2025,US,organic,
100521,8/27/2025,NG,direct,
101062,8/27/2025,NG,paid_search,
100255,8/27/2025,CA,organic,
100407,8/27/2025,NG,paid_social,
101103,8/28/2025,NL,paid_social,
100356,8/28/2025,NG,referral,
100272,8/28/2025,NG,organic,
100974,8/28/2025,NG,paid_search,
101523,8/28/2025,US,direct,
101697,8/28/2025,NG,email,
101480,8/28/2025,NG,email,1/4/2026
100937,8/28/2025,US,organic,
101606,8/28/2025,US,direct,
100456,8/28/2025,NG,direct,
101676,8/28/2025,NG,paid_search,
100751,8/28/2025,NG,email,9/30/2025
101574,8/28/2025,NG,organic,1/20/2026
101405,8/29/2025,NG,referral,12/5/2025
100057,8/29/2025,NG,paid_search,8/12/2025
100960,8/29/2025,US,paid_social,
100883,8/29/2025,UK,email,12/28/2025
100389,8/29/2025,NG,paid_social,
101946,8/29/2025,NG,referral,
100532,8/29/2025,US,email,8/29/2025
101045,8/29/2025,NG,paid_social,10/1/2025
100535,8/29/2025,NG,organic,1/1/2026
101969,8/29/2025,NG,organic,
100181,8/29/2025,NG,paid_social,
100846,8/29/2025,NG,organic,
101536,8/29/2025,UK,organic,9/16/2025
101654,8/29/2025,NG,paid_social,9/22/2025
101228,8/29/2025,NG,referral,
101694,8/30/2025,DE,paid_social,8/9/2025
101777,8/30/2025,NG,paid_search,
100749,8/30/2025,NG,paid_search,
100082,8/30/2025,NL,organic,
101907,8/30/2025,NG,paid_search,
100936,8/30/2025,NG,paid_social,
101486,8/30/2025,UK,organic,
100286,8/30/2025,NG,organic,
101853,8/30/2025,NG,paid_search,10/11/2025
101555,8/30/2025,US,organic,11/22/2025
100177,8/30/2025,NG,paid_social,
101849,8/31/2025,NG,organic,
100702,8/31/2025,NG,referral,12/22/2025
100466,8/31/2025,NG,organic,8/18/2025
101636,8/31/2025,NG,paid_social,
100531,8/31/2025,NG,paid_search,
100622,8/31/2025,CA,email,
101595,8/31/2025,DE,direct,
101940,8/31/2025,FR,direct,1/16/2026
100167,8/31/2025,NG,paid_search,
100186,8/31/2025,NG,organic,
100349,8/31/2025,NG,paid_social,10/14/2025
101075,8/31/2025,NG,paid_social,11/28/2025
101077,8/31/2025,NG,referral,8/20/2025
101935,8/31/2025,NG,paid_search,
100040,8/31/2025,NG,paid_social,
100907,9/1/2025,NG,direct,
100703,9/1/2025,US,organic,8/30/2025
100684,9/1/2025,NG,paid_search,
101615,9/1/2025,NG,paid_social,10/17/2025
100261,9/1/2025,NG,organic,
101031,9/1/2025,NG,paid_social,
101192,9/1/2025,UK,referral,11/23/2025
101432,9/1/2025,US,organic,11/30/2025
100543,9/2/2025,NG,paid_social,12/9/2025
100660,9/2/2025,NG,paid_search,8/5/2025
101882,9/2/2025,NG,organic,9/30/2025
101404,9/2/2025,CA,email,
100410,9/2/2025,CA,organic,
100391,9/2/2025,CA,organic,
101701,9/2/2025,NG,email,1/13/2026
101173,9/2/2025,NG,paid_social,
100258,9/2/2025,NG,referral,11/7/2025
100229,9/2/2025,NG,email,
100760,9/2/2025,NG,direct,
100911,9/3/2025,NG,email,
100250,9/3/2025,NG,direct,
100022,9/3/2025,FR,email,
101105,9/3/2025,UK,paid_search,
100634,9/3/2025,FR,referral,10/3/2025
100468,9/3/2025,UK,paid_social,8/7/2025
100563,9/3/2025,DE,paid_search,11/23/2025
101885,9/3/2025,NG,organic,
101638,9/3/2025,CA,paid_search,9/18/2025
101928,9/3/2025,NG,organic,11/2/2025
100348,9/3/2025,NG,organic,
100252,9/4/2025,NG,paid_social,12/10/2025
101797,9/4/2025,NG,email,
101325,9/4/2025,FR,referral,
101890,9/4/2025,NG,paid_social,9/24/2025
101344,9/4/2025,UK,organic,8/21/2025
101959,9/4/2025,DE,organic,
100071,9/4/2025,US,direct,
101662,9/4/2025,NG,email,
101650,9/4/2025,FR,organic,
101431,9/4/2025,UK,direct,
101533,9/4/2025,NG,email,8/15/2025
100887,9/5/2025,NG,organic,
100051,9/5/2025,NG,paid_search,
100522,9/5/2025,DE,paid_search,
101112,9/5/2025,NG,organic,
101114,9/5/2025,NG,organic,
100542,9/5/2025,NG,direct,
101522,9/5/2025,NG,organic,
101177,9/5/2025,CA,direct,
101703,9/6/2025,CA,paid_social,
100425,9/6/2025,NG,referral,
100837,9/6/2025,NG,paid_search,9/20/2025
100992,9/6/2025,NG,paid_search,
101786,9/6/2025,US,paid_social,
101084,9/6/2025,US,referral,
100397,9/6/2025,DE,paid_search,
100101,9/6/2025,NG,paid_search,
101769,9/6/2025,FR,organic,
101795,9/7/2025,US,paid_search,
100663,9/7/2025,NG,organic,
101739,9/7/2025,US,organic,
100871,9/7/2025,NG,paid_search,
100652,9/7/2025,NG,paid_social,
100338,9/7/2025,DE,paid_social,12/8/2025
100223,9/7/2025,US,organic,
101363,9/7/2025,DE,direct,
100008,9/7/2025,UK,paid_search,
100734,9/8/2025,CA,paid_search,12/3/2025
101987,9/8/2025,NG,paid_search,
101988,9/8/2025,NG,direct,
101871,9/8/2025,NG,paid_social,9/6/2025
101071,9/8/2025,NG,organic,
101473,9/8/2025,NG,paid_search,
101744,9/8/2025,NG,paid_search,
101939,9/8/2025,NG,paid_search,
100141,9/9/2025,UK,paid_search,
101581,9/9/2025,CA,organic,
101709,9/9/2025,US,paid_social,
101394,9/9/2025,US,paid_social,9/9/2025
101256,9/10/2025,DE,paid_search,
101838,9/10/2025,NG,paid_search,8/16/2025
100902,9/10/2025,CA,organic,
100963,9/10/2025,NG,paid_social,
101354,9/10/2025,NG,direct,
100031,9/11/2025,UK,paid_search,
100975,9/11/2025,NG,paid_search,
100077,9/11/2025,NG,organic,
101511,9/11/2025,NG,email,8/24/2025
100362,9/11/2025,US,referral,
100566,9/11/2025,NG,direct,
101111,9/12/2025,NG,organic,
100485,9/12/2025,NG,organic,
101655,9/12/2025,NL,direct,
101478,9/12/2025,NG,organic,8/12/2025
100625,9/12/2025,UK,referral,
101876,9/12/2025,NG,paid_social,12/3/2025
101290,9/12/2025,FR,paid_search,8/31/2025
101544,9/12/2025,NG,paid_social,
101502,9/12/2025,NL,organic,
100411,9/12/2025,FR,paid_search,
100325,9/12/2025,DE,organic,8/12/2025
101385,9/13/2025,UK,direct,
100326,9/13/2025,NG,paid_social,
101608,9/13/2025,US,paid_search,8/18/2025
101307,9/13/2025,NG,paid_social,
100565,9/13/2025,NG,organic,12/1/2025
100188,9/13/2025,NG,paid_search,
101816,9/13/2025,NG,paid_social,10/13/2025
100853,9/13/2025,UK,paid_social,9/22/2025
100147,9/13/2025,CA,organic,8/2/2025
100636,9/13/2025,NG,organic,
101287,9/13/2025,UK,paid_search,9/11/2025
100509,9/13/2025,UK,paid_social,
100718,9/13/2025,US,direct,
101264,9/13/2025,US,organic,
100592,9/14/2025,NL,organic,
101401,9/14/2025,UK,organic,9/8/2025
101541,9/14/2025,NG,paid_search,
100096,9/14/2025,NG,paid_search,
101708,9/14/2025,NG,paid_search,
101250,9/14/2025,NG,paid_social,
100314,9/14/2025,NG,paid_social,
101785,9/14/2025,US,direct,
101123,9/14/2025,NG,paid_social,
100383,9/14/2025,FR,referral,
100831,9/14/2025,NL,organic,
101106,9/14/2025,UK,organic,
101046,9/14/2025,NG,paid_social,
101505,9/14/2025,NG,paid_social,
100988,9/15/2025,FR,direct,10/17/2025
100507,9/15/2025,NG,organic,
101012,9/15/2025,NG,direct,10/30/2025
100118,9/15/2025,NG,paid_social,
101562,9/15/2025,UK,paid_social,
101810,9/15/2025,NG,email,8/23/2025
101891,9/15/2025,FR,paid_social,10/22/2025
100924,9/15/2025,NG,paid_search,
100856,9/15/2025,NG,organic,1/15/2026
101903,9/15/2025,FR,direct,
101453,9/15/2025,UK,organic,
101905,9/15/2025,US,referral,
101514,9/15/2025,NG,paid_search,
100830,9/15/2025,NG,email,8/12/2025
100567,9/15/2025,NG,email,
100616,9/15/2025,NG,paid_social,
101412,9/16/2025,NG,organic,
101659,9/16/2025,NG,paid_search,
101817,9/16/2025,US,email,
101561,9/16/2025,US,paid_social,
100918,9/16/2025,US,organic,
101851,9/16/2025,NG,organic,12/11/2025
100695,9/16/2025,NG,email,
101941,9/16/2025,NG,paid_search,
100482,9/16/2025,US,organic,
101306,9/16/2025,NG,referral,
101178,9/17/2025,NG,organic,
101803,9/17/2025,US,email,
100345,9/17/2025,US,organic,11/3/2025
101501,9/17/2025,US,email,
101424,9/17/2025,DE,referral,11/18/2025
100932,9/17/2025,UK,email,
101296,9/18/2025,UK,email,
101620,9/18/2025,DE,paid_search,10/30/2025
101700,9/18/2025,US,direct,
100379,9/18/2025,NG,direct,
100205,9/18/2025,NG,paid_social,
100208,9/18/2025,NG,paid_search,12/3/2025
101260,9/18/2025,US,direct,
101881,9/18/2025,NG,referral,8/12/2025
101458,9/18/2025,NG,paid_search,
100210,9/18/2025,UK,paid_social,
101428,9/19/2025,US,paid_social,8/19/2025
101122,9/19/2025,NG,direct,11/3/2025
100743,9/19/2025,NL,email,
100617,9/19/2025,US,paid_search,
100508,9/19/2025,NG,organic,
100889,9/19/2025,NG,paid_social,
101010,9/19/2025,NG,paid_social,9/9/2025
101672,9/19/2025,NG,paid_search,
100291,9/19/2025,US,organic,11/26/2025
100778,9/19/2025,NG,organic,
100110,9/20/2025,NG,paid_social,
100280,9/20/2025,NG,organic,
100038,9/20/2025,NG,paid_search,8/22/2025
101639,9/20/2025,NG,paid_social,12/20/2025
101490,9/20/2025,NL,referral,
100142,9/20/2025,CA,direct,9/8/2025
100215,9/20/2025,NG,organic,11/29/2025
100504,9/20/2025,CA,organic,10/30/2025
101321,9/20/2025,NG,referral,
100949,9/21/2025,NL,paid_social,8/18/2025
101793,9/21/2025,FR,direct,
101191,9/21/2025,US,organic,
101916,9/21/2025,NG,organic,
100572,9/21/2025,US,paid_social,
101550,9/21/2025,NG,paid_search,1/30/2026
101998,9/21/2025,FR,paid_social,
101027,9/21/2025,NG,organic,12/5/2025
101999,9/21/2025,NG,organic,12/1/2025
100412,9/21/2025,CA,email,
100151,9/21/2025,DE,referral,
100398,9/21/2025,US,organic,
100313,9/21/2025,NG,organic,8/25/2025
101409,9/22/2025,NL,paid_search,
101381,9/22/2025,NG,paid_social,
100854,9/22/2025,CA,organic,12/12/2025
101992,9/22/2025,NG,organic,
100449,9/22/2025,NG,organic,
100813,9/22/2025,NG,paid_search,9/17/2025
101208,9/22/2025,NG,email,
100480,9/22/2025,NG,email,11/6/2025
100298,9/22/2025,UK,email,11/14/2025
100533,9/22/2025,UK,paid_search,
100840,9/23/2025,NG,organic,
101113,9/23/2025,US,email,8/22/2025
101229,9/23/2025,US,paid_social,10/23/2025
100341,9/23/2025,CA,organic,10/14/2025
101482,9/23/2025,NG,organic,
100095,9/23/2025,NG,paid_search,
100659,9/23/2025,NG,paid_search,
101560,9/23/2025,US,direct,
100494,9/23/2025,NG,paid_search,12/2/2025
100637,9/24/2025,NL,paid_search,
101580,9/24/2025,NG,organic,
101819,9/24/2025,NL,referral,
101861,9/24/2025,NG,direct,10/15/2025
100153,9/24/2025,NG,paid_search,
101337,9/24/2025,NG,paid_search,
100270,9/24/2025,FR,direct,
101906,9/24/2025,NL,direct,
101238,9/24/2025,NG,referral,8/21/2025
100418,9/24/2025,DE,paid_search,1/25/2026
100795,9/24/2025,NG,organic,10/22/2025
101645,9/24/2025,DE,direct,
100352,9/24/2025,NG,paid_search,
100970,9/24/2025,NG,direct,11/3/2025
101450,9/24/2025,US,organic,
101366,9/25/2025,NG,email,
101475,9/25/2025,NG,organic,8/11/2025
100262,9/25/2025,NG,paid_search,11/28/2025
101315,9/25/2025,NG,organic,
101399,9/25/2025,US,organic,8/12/2025
101402,9/25/2025,UK,paid_search,11/20/2025
100801,9/25/2025,US,paid_search,
100306,9/25/2025,US,paid_search,
101600,9/25/2025,NG,organic,
101822,9/25/2025,NG,organic,8/27/2025
100927,9/25/2025,UK,organic,10/7/2025
100135,9/25/2025,NG,organic,
100189,9/25/2025,US,paid_social,8/25/2025
100441,9/25/2025,NG,paid_search,12/3/2025
101778,9/26/2025,NG,paid_social,8/6/2025
101390,9/26/2025,US,paid_search,
101154,9/26/2025,US,referral,10/11/2025
100225,9/26/2025,DE,organic,
101837,9/26/2025,NG,paid_search,
100951,9/26/2025,NG,direct,
100238,9/26/2025,NG,paid_social,
101104,9/26/2025,US,direct,9/5/2025
101185,9/26/2025,NG,organic,
100087,9/27/2025,UK,email,
100446,9/27/2025,DE,organic,
100748,9/27/2025,NG,paid_social,
100747,9/27/2025,NG,direct,11/24/2025
100525,9/27/2025,NG,email,
101059,9/27/2025,NG,organic,
100399,9/27/2025,NG,organic,
101033,9/27/2025,NG,referral,
100332,9/27/2025,NG,paid_search,
101461,9/27/2025,US,paid_social,
101820,9/27/2025,NG,organic,
101013,9/27/2025,NG,paid_search,
100524,9/28/2025,UK,email,
101585,9/28/2025,NG,organic,
100987,9/28/2025,US,email,
100367,9/28/2025,NG,organic,
101575,9/28/2025,US,paid_search,11/28/2025
101176,9/28/2025,NG,organic,
100553,9/28/2025,NG,email,
101526,9/28/2025,DE,organic,1/30/2026
100798,9/28/2025,US,paid_social,
100402,9/28/2025,NL,referral,11/5/2025
100337,9/28/2025,US,direct,
101755,9/28/2025,UK,referral,11/12/2025
100308,9/28/2025,NG,referral,
101603,9/28/2025,UK,organic,
101434,9/28/2025,US,referral,10/7/2025
101438,9/28/2025,NG,paid_social,
100967,9/28/2025,CA,paid_search,
101248,9/29/2025,NG,paid_search,11/21/2025
100166,9/29/2025,CA,paid_search,
100594,9/29/2025,CA,paid_search,
100606,9/29/2025,NL,paid_search,
101503,9/29/2025,CA,email,
101949,9/29/2025,DE,organic,11/20/2025
100065,9/29/2025,FR,email,12/26/2025
101403,9/29/2025,DE,paid_social,12/9/2025
100320,9/29/2025,NG,paid_search,
101387,9/29/2025,NG,paid_search,
101144,9/30/2025,NG,email,
101914,9/30/2025,NG,paid_social,1/28/2026
101094,9/30/2025,DE,paid_search,
100631,9/30/2025,CA,direct,1/18/2026
100253,9/30/2025,US,email,
100645,9/30/2025,NG,organic,
100076,9/30/2025,NG,paid_social,
101513,9/30/2025,NG,paid_search,
100737,10/1/2025,NG,organic,
100168,10/1/2025,CA,paid_search,9/28/2025
100486,10/1/2025,FR,organic,8/14/2025
101068,10/1/2025,NG,direct,8/5/2025
101904,10/1/2025,NG,organic,
101776,10/1/2025,US,email,
100370,10/1/2025,NG,direct,
100293,10/1/2025,NG,email,
101029,10/1/2025,US,direct,
101493,10/1/2025,NL,paid_search,
101510,10/1/2025,NG,referral,
101159,10/2/2025,NG,paid_search,8/21/2025
101175,10/2/2025,US,referral,8/23/2025
101899,10/2/2025,NG,organic,
101781,10/2/2025,NG,direct,9/19/2025
101141,10/2/2025,NG,referral,
100626,10/2/2025,NG,direct,
100198,10/2/2025,NG,paid_search,1/12/2026
101770,10/2/2025,NG,organic,
101329,10/2/2025,NG,direct,
101973,10/2/2025,NL,direct,
100267,10/3/2025,FR,organic,
101646,10/3/2025,UK,direct,10/8/2025
100196,10/3/2025,NG,referral,1/5/2026
100138,10/3/2025,NG,organic,
101792,10/3/2025,UK,paid_social,
101977,10/3/2025,UK,paid_search,
101356,10/3/2025,NG,direct,
101235,10/3/2025,DE,paid_search,
101710,10/3/2025,FR,organic,
101591,10/3/2025,DE,email,9/12/2025
100990,10/3/2025,NG,direct,
101382,10/3/2025,NG,paid_social,8/4/2025
101406,10/3/2025,US,direct,
101371,10/3/2025,NG,paid_search,12/24/2025
101311,10/4/2025,NG,organic,
101362,10/4/2025,NG,organic,12/10/2025
100978,10/4/2025,UK,email,
101756,10/4/2025,CA,paid_social,12/22/2025
100043,10/5/2025,US,email,10/16/2025
101830,10/5/2025,NG,referral,10/3/2025
100520,10/5/2025,NG,referral,
101684,10/5/2025,NG,direct,
100052,10/6/2025,NG,organic,
100193,10/6/2025,FR,organic,
100764,10/6/2025,NG,paid_search,9/28/2025
101571,10/6/2025,US,direct,10/1/2025
100300,10/6/2025,NG,direct,
101924,10/6/2025,NG,email,
101698,10/6/2025,NG,referral,11/30/2025
100997,10/6/2025,NG,email,
101772,10/6/2025,DE,paid_search,
101926,10/6/2025,US,paid_search,
100200,10/7/2025,US,organic,
101270,10/7/2025,US,direct,
100627,10/7/2025,NG,organic,
101137,10/7/2025,UK,direct,
100629,10/7/2025,NG,paid_search,
100745,10/7/2025,US,organic,10/28/2025
100392,10/7/2025,NG,direct,
101359,10/7/2025,NG,organic,
101051,10/7/2025,NG,organic,
100062,10/7/2025,NG,paid_social,
101856,10/8/2025,US,email,
100331,10/8/2025,NG,paid_social,
100373,10/8/2025,CA,paid_search,
101966,10/8/2025,NG,paid_social,
101150,10/8/2025,US,paid_social,11/3/2025
100908,10/8/2025,CA,referral,10/23/2025
101267,10/8/2025,NG,organic,
101043,10/8/2025,NL,direct,
100497,10/8/2025,US,organic,11/12/2025
101863,10/8/2025,NG,organic,
100021,10/8/2025,UK,organic,
101936,10/8/2025,NG,paid_social,
100575,10/8/2025,NG,paid_social,
100067,10/8/2025,US,paid_search,
100769,10/9/2025,CA,organic,
100633,10/9/2025,US,paid_social,
101944,10/9/2025,NG,referral,8/31/2025
101771,10/9/2025,UK,paid_social,
101717,10/9/2025,FR,referral,1/24/2026
101747,10/9/2025,NG,organic,10/24/2025
100378,10/9/2025,US,email,9/11/2025
100912,10/9/2025,DE,direct,8/3/2025
101467,10/10/2025,US,organic,10/14/2025
101592,10/10/2025,US,organic,1/26/2026
101760,10/10/2025,US,email,1/15/2026
101284,10/10/2025,NG,direct,
101016,10/10/2025,NG,paid_social,1/10/2026
101880,10/10/2025,NG,paid_search,
100187,10/10/2025,FR,direct,
100757,10/10/2025,FR,paid_social,12/3/2025
101158,10/10/2025,NG,email,
100613,10/10/2025,NG,direct,
100093,10/11/2025,NG,direct,
101065,10/11/2025,NL,organic,
101628,10/11/2025,NG,paid_search,1/29/2026
100808,10/11/2025,NG,direct,
101384,10/11/2025,NG,organic,
101920,10/12/2025,FR,paid_social,1/22/2026
101093,10/12/2025,NG,paid_search,
101753,10/12/2025,NG,email,
101351,10/12/2025,CA,paid_search,
100551,10/12/2025,NG,referral,
101172,10/12/2025,NG,direct,
101282,10/12/2025,NG,organic,
101665,10/12/2025,CA,paid_social,
101773,10/12/2025,NG,email,11/24/2025
101693,10/12/2025,FR,direct,
101477,10/12/2025,NG,paid_social,
100956,10/13/2025,US,direct,
101167,10/13/2025,NG,paid_social,
100439,10/13/2025,FR,referral,
101955,10/13/2025,NG,paid_social,8/10/2025
101301,10/13/2025,UK,organic,
101319,10/13/2025,DE,paid_social,
100026,10/14/2025,NL,paid_social,
100686,10/14/2025,NG,paid_social,9/2/2025
100163,10/14/2025,NG,organic,
101865,10/14/2025,NG,paid_search,
101130,10/14/2025,NG,organic,
100584,10/14/2025,US,direct,9/26/2025
100941,10/14/2025,NG,paid_search,
101846,10/14/2025,NG,paid_search,1/12/2026
101687,10/15/2025,US,email,
101834,10/15/2025,US,paid_social,
101874,10/15/2025,NG,email,8/11/2025
101761,10/15/2025,DE,email,
100961,10/15/2025,NG,paid_search,8/24/2025
100495,10/15/2025,US,organic,
101339,10/15/2025,NG,organic,9/11/2025
101494,10/15/2025,DE,paid_social,
100959,10/15/2025,US,paid_social,10/15/2025
100064,10/15/2025,NG,paid_social,
100162,10/15/2025,CA,paid_search,
100906,10/15/2025,NG,organic,8/23/2025
101718,10/15/2025,NG,email,
101251,10/15/2025,UK,paid_search,12/31/2025
100372,10/15/2025,NG,direct,
100143,10/15/2025,CA,paid_search,
101634,10/16/2025,NG,organic,9/16/2025
101484,10/16/2025,CA,direct,
100164,10/16/2025,NG,organic,
101308,10/16/2025,US,direct,
100971,10/16/2025,NL,paid_search,
100623,10/16/2025,NG,organic,
100571,10/16/2025,US,paid_search,
101479,10/16/2025,NL,direct,9/25/2025
101190,10/16/2025,NG,paid_search,
101224,10/16/2025,DE,paid_search,11/3/2025
101078,10/16/2025,NG,paid_search,11/15/2025
100928,10/16/2025,NG,paid_search,12/13/2025
100274,10/16/2025,NG,organic,11/17/2025
100424,10/16/2025,NG,paid_search,
101583,10/16/2025,NG,direct,
100247,10/16/2025,NG,organic,
101042,10/16/2025,US,paid_search,12/26/2025
101887,10/16/2025,NL,organic,
101373,10/17/2025,NG,paid_search,12/3/2025
101184,10/17/2025,NG,direct,
100463,10/17/2025,NG,paid_social,
100776,10/17/2025,UK,organic,
101677,10/17/2025,CA,paid_search,
100731,10/17/2025,NG,direct,9/14/2025
101058,10/18/2025,NG,paid_social,
100499,10/18/2025,US,direct,8/11/2025
100546,10/18/2025,NG,email,
101436,10/18/2025,US,organic,8/3/2025
100953,10/18/2025,FR,organic,
101686,10/18/2025,NG,paid_social,
101840,10/18/2025,UK,direct,
101332,10/18/2025,CA,paid_search,1/16/2026
101443,10/19/2025,NG,direct,
101495,10/19/2025,NG,paid_social,
101152,10/19/2025,UK,email,11/14/2025
101099,10/19/2025,NG,direct,
100406,10/19/2025,NL,email,
100434,10/19/2025,NG,paid_search,10/11/2025
100237,10/19/2025,NG,paid_social,
100620,10/19/2025,NG,organic,10/29/2025
100004,10/19/2025,US,paid_search,
101923,10/19/2025,US,direct,9/24/2025
100794,10/19/2025,DE,referral,
100472,10/19/2025,NG,referral,
101740,10/19/2025,NG,paid_search,1/5/2026
100993,10/19/2025,NG,paid_social,
100154,10/19/2025,NG,paid_search,
100632,10/19/2025,US,referral,
100297,10/20/2025,NG,email,
100139,10/20/2025,US,paid_social,
101038,10/20/2025,US,paid_social,
100120,10/20/2025,US,paid_search,11/4/2025
101991,10/20/2025,CA,direct,
100090,10/20/2025,NG,direct,
100003,10/20/2025,NG,organic,
100081,10/20/2025,DE,paid_search,
100755,10/20/2025,US,paid_social,
101417,10/20/2025,NG,paid_search,10/27/2025
101219,10/20/2025,NG,organic,
100353,10/20/2025,NG,paid_social,11/17/2025
100688,10/21/2025,US,organic,
101262,10/21/2025,NG,paid_social,10/28/2025
100934,10/21/2025,UK,email,
100799,10/21/2025,US,paid_social,
101292,10/21/2025,US,paid_search,
100029,10/21/2025,NG,paid_social,
100284,10/21/2025,NL,paid_search,
101728,10/21/2025,NG,organic,11/1/2025
100218,10/22/2025,US,paid_social,
101318,10/22/2025,NG,direct,11/14/2025
101091,10/22/2025,CA,organic,
100213,10/22/2025,NG,referral,
100185,10/22/2025,CA,paid_search,
101642,10/22/2025,US,email,
101056,10/22/2025,FR,paid_social,
101472,10/22/2025,UK,organic,1/9/2026
101330,10/22/2025,US,paid_search,
100922,10/22/2025,NG,paid_social,
100030,10/22/2025,US,organic,
100266,10/22/2025,NG,paid_search,
101889,10/22/2025,NG,direct,11/23/2025
101372,10/22/2025,NG,email,
101183,10/22/2025,NG,email,11/30/2025
100046,10/22/2025,NG,email,
100019,10/22/2025,NG,paid_social,8/19/2025
100868,10/22/2025,NG,organic,11/17/2025
100882,10/22/2025,NG,organic,
100832,10/23/2025,NG,paid_social,
101367,10/23/2025,NG,referral,
100505,10/23/2025,NG,referral,11/20/2025
101802,10/23/2025,NG,paid_search,
101742,10/23/2025,NG,organic,9/26/2025
100221,10/23/2025,NG,organic,
101565,10/23/2025,NG,organic,
100870,10/23/2025,NG,paid_social,
100536,10/23/2025,UK,paid_social,
100791,10/23/2025,NG,paid_social,
101852,10/23/2025,CA,organic,
101918,10/23/2025,NG,direct,
101457,10/23/2025,NG,referral,
100938,10/24/2025,NG,email,
101212,10/24/2025,DE,email,10/30/2025
100334,10/24/2025,NL,paid_social,
100915,10/24/2025,NG,paid_social,
100175,10/24/2025,UK,paid_search,
100797,10/24/2025,NG,organic,
101554,10/24/2025,NG,paid_social,
101519,10/24/2025,NG,paid_social,1/11/2026
100904,10/24/2025,US,paid_social,
100646,10/24/2025,NG,paid_social,
100113,10/24/2025,NL,organic,1/28/2026
100204,10/24/2025,NG,direct,
101247,10/25/2025,US,paid_search,10/24/2025
100230,10/25/2025,NG,email,
100473,10/25/2025,NG,paid_social,
100611,10/25/2025,UK,paid_social,
101074,10/25/2025,NG,paid_search,9/4/2025
100072,10/25/2025,NG,organic,
100484,10/25/2025,US,organic,
100709,10/25/2025,NG,organic,
100276,10/25/2025,NG,email,8/31/2025
101498,10/25/2025,CA,direct,12/30/2025
101953,10/25/2025,DE,direct,
100053,10/25/2025,NG,organic,
100366,10/26/2025,NG,organic,
101430,10/26/2025,CA,paid_social,
101711,10/26/2025,NG,paid_social,9/20/2025
101801,10/26/2025,NG,paid_search,
100123,10/26/2025,NG,email,
100069,10/26/2025,NG,email,
101696,10/26/2025,CA,paid_social,
101967,10/26/2025,NG,paid_social,12/22/2025
101101,10/26/2025,NG,organic,
100108,10/26/2025,FR,paid_search,
101767,10/26/2025,US,referral,
100518,10/27/2025,NG,referral,12/3/2025
100289,10/27/2025,US,email,
100973,10/27/2025,NG,paid_search,
101419,10/27/2025,NL,email,
101540,10/27/2025,NG,paid_search,12/28/2025
100621,10/27/2025,NG,paid_social,
100972,10/27/2025,UK,referral,
100708,10/27/2025,DE,email,
100075,10/27/2025,NG,direct,
100784,10/27/2025,NG,referral,
101788,10/27/2025,NL,paid_search,
101201,10/27/2025,NL,organic,1/23/2026
101794,10/27/2025,CA,paid_social,
100943,10/27/2025,NG,organic,
101807,10/28/2025,UK,referral,10/28/2025
100767,10/28/2025,NG,paid_social,
101507,10/28/2025,NL,paid_search,
100643,10/28/2025,NG,paid_search,12/10/2025
101100,10/28/2025,UK,paid_social,8/27/2025
100275,10/28/2025,NG,organic,9/29/2025
101931,10/28/2025,NG,organic,
101798,10/28/2025,US,organic,
101145,10/28/2025,NL,paid_social,1/23/2026
101516,10/28/2025,NG,email,12/22/2025
100728,10/29/2025,NG,organic,
100443,10/29/2025,NG,paid_social,
100281,10/29/2025,NG,paid_search,12/22/2025
101030,10/29/2025,NG,email,
100283,10/30/2025,US,paid_search,
100562,10/30/2025,DE,direct,12/12/2025
101491,10/30/2025,NG,direct,
100717,10/30/2025,US,organic,
100251,10/30/2025,NG,referral,
101243,10/30/2025,NG,email,
101017,10/30/2025,NG,email,
101476,10/30/2025,NG,referral,1/31/2026
101119,10/30/2025,NG,email,12/23/2025
101115,10/30/2025,NL,paid_social,
100650,10/30/2025,NG,paid_social,
100234,10/30/2025,NG,paid_search,
101917,10/30/2025,CA,organic,
101548,10/30/2025,NG,organic,
101161,10/31/2025,NG,paid_social,12/2/2025
101518,10/31/2025,NG,organic,
100202,10/31/2025,CA,direct,
100184,10/31/2025,NG,paid_search,
100054,10/31/2025,NG,organic,8/19/2025
101813,10/31/2025,NG,direct,
100182,10/31/2025,NG,email,
100452,10/31/2025,CA,paid_search,8/30/2025
100404,10/31/2025,NG,direct,
101355,10/31/2025,UK,organic,9/20/2025
101352,10/31/2025,NG,organic,8/8/2025
101151,11/1/2025,NG,referral,
100179,11/1/2025,NG,email,
101090,11/1/2025,NG,paid_search,
100555,11/1/2025,UK,organic,
101766,11/1/2025,NG,organic,8/5/2025
100405,11/1/2025,NG,organic,
100628,11/1/2025,NG,organic,
101007,11/1/2025,NG,paid_search,
100875,11/1/2025,UK,paid_social,
100020,11/1/2025,DE,paid_social,
101736,11/1/2025,NG,organic,11/12/2025
101052,11/1/2025,NG,referral,
100158,11/1/2025,NG,direct,
100666,11/1/2025,CA,paid_search,
101378,11/1/2025,NG,direct,9/12/2025
101050,11/2/2025,FR,direct,
100939,11/2/2025,NG,paid_search,
100419,11/2/2025,FR,direct,
101489,11/2/2025,US,referral,12/23/2025
100114,11/2/2025,FR,email,
101216,11/2/2025,NG,organic,
101240,11/2/2025,NG,organic,
101617,11/2/2025,CA,referral,
100444,11/2/2025,NG,direct,9/5/2025
100896,11/2/2025,US,paid_social,8/19/2025
101295,11/3/2025,NG,paid_social,9/27/2025
101459,11/3/2025,NG,organic,
101679,11/3/2025,NG,direct,
100343,11/3/2025,US,paid_search,1/27/2026
101441,11/3/2025,NG,paid_social,
101582,11/3/2025,NG,organic,1/10/2026
101206,11/3/2025,UK,paid_search,
100999,11/3/2025,NG,paid_search,
100802,11/3/2025,NG,paid_social,
100016,11/3/2025,US,direct,
100548,11/3/2025,NG,paid_search,
100607,11/3/2025,NG,paid_social,8/29/2025
101915,11/4/2025,NG,organic,
101685,11/4/2025,UK,paid_social,12/13/2025
100448,11/4/2025,US,paid_social,11/16/2025
101848,11/4/2025,UK,paid_search,
101164,11/4/2025,DE,organic,
100700,11/4/2025,DE,direct,9/29/2025
100295,11/4/2025,NG,direct,9/6/2025
101009,11/4/2025,US,organic,
100365,11/4/2025,NG,paid_social,
100716,11/4/2025,NG,organic,
101014,11/4/2025,NG,referral,8/17/2025
101719,11/4/2025,US,paid_search,
100678,11/5/2025,DE,paid_social,
100892,11/5/2025,US,email,12/31/2025
101310,11/5/2025,FR,referral,
101073,11/5/2025,CA,paid_search,10/8/2025
100711,11/5/2025,NG,organic,9/22/2025
100010,11/5/2025,US,paid_social,
101799,11/5/2025,UK,organic,8/18/2025
100996,11/5/2025,NG,paid_search,
101194,11/5/2025,US,paid_social,
101858,11/5/2025,UK,paid_search,
100577,11/5/2025,CA,paid_social,
101664,11/5/2025,NG,referral,
101956,11/6/2025,NG,direct,8/1/2025
101901,11/6/2025,NL,paid_social,
101163,11/6/2025,NG,paid_social,
101500,11/6/2025,NG,paid_search,
101298,11/6/2025,NG,referral,
101919,11/6/2025,UK,paid_social,11/20/2025
101391,11/6/2025,UK,organic,
101990,11/6/2025,UK,paid_search,
100487,11/6/2025,NG,organic,
101146,11/6/2025,NG,paid_search,
100506,11/6/2025,UK,email,
101957,11/6/2025,NG,paid_social,8/8/2025
100746,11/6/2025,UK,paid_social,
100994,11/6/2025,NG,paid_social,
101900,11/7/2025,NG,email,12/24/2025
101340,11/7/2025,NG,paid_search,1/12/2026
101635,11/7/2025,NG,paid_search,1/28/2026
101921,11/7/2025,NG,paid_search,
100350,11/7/2025,UK,paid_search,
100605,11/7/2025,NG,paid_search,1/3/2026
101668,11/7/2025,US,direct,
100930,11/7/2025,US,referral,
101334,11/7/2025,NG,organic,
101724,11/7/2025,NG,paid_search,11/10/2025
101552,11/7/2025,US,paid_search,8/16/2025
100647,11/7/2025,UK,paid_social,
100655,11/7/2025,NG,paid_search,1/18/2026
100560,11/7/2025,FR,organic,
100876,11/8/2025,NG,paid_search,12/10/2025
101139,11/8/2025,CA,organic,
101379,11/8/2025,US,paid_search,9/22/2025
100288,11/8/2025,NG,paid_search,
100916,11/8/2025,US,email,10/26/2025
100304,11/8/2025,CA,organic,
100538,11/8/2025,CA,paid_search,
101258,11/8/2025,NG,direct,
100926,11/8/2025,NG,referral,10/19/2025
101847,11/8/2025,NG,organic,8/26/2025
100056,11/9/2025,DE,organic,
101576,11/9/2025,US,organic,10/16/2025
100330,11/9/2025,UK,direct,9/18/2025
100294,11/9/2025,NG,email,
100788,11/9/2025,CA,paid_social,
100228,11/9/2025,NL,organic,
100878,11/9/2025,NG,paid_search,
100806,11/9/2025,NG,organic,
100982,11/9/2025,CA,referral,
100028,11/9/2025,UK,organic,9/21/2025
101996,11/10/2025,US,paid_search,12/14/2025
101221,11/10/2025,NG,paid_search,
100761,11/10/2025,NG,paid_social,
100307,11/10/2025,US,paid_search,
100131,11/10/2025,NG,direct,
100654,11/10/2025,NL,paid_social,9/11/2025
100991,11/10/2025,US,email,
101322,11/10/2025,NG,organic,
101839,11/10/2025,NG,paid_search,1/19/2026
101624,11/10/2025,US,paid_search,
101496,11/10/2025,US,email,
101663,11/10/2025,NG,paid_search,
100133,11/11/2025,UK,paid_search,
101128,11/11/2025,NG,organic,
101564,11/11/2025,US,paid_search,
101937,11/11/2025,NG,organic,
100455,11/11/2025,NG,organic,1/1/2026
100157,11/11/2025,NG,paid_search,9/20/2025
101364,11/11/2025,US,organic,
100033,11/11/2025,DE,paid_social,1/13/2026
101974,11/11/2025,NG,referral,
101257,11/11/2025,UK,email,
101002,11/11/2025,NL,direct,12/18/2025
100112,11/11/2025,US,organic,
100754,11/11/2025,NG,email,
100329,11/11/2025,NG,paid_social,
101083,11/11/2025,NG,paid_social,
100078,11/12/2025,US,organic,12/7/2025
101386,11/12/2025,FR,paid_social,
100705,11/12/2025,FR,paid_search,
101411,11/12/2025,FR,paid_search,
101433,11/12/2025,NG,paid_social,9/27/2025
100436,11/13/2025,NG,paid_social,1/2/2026
101028,11/13/2025,NG,email,
100115,11/13/2025,NG,organic,
100979,11/13/2025,NG,organic,
101727,11/13/2025,NG,paid_social,10/5/2025
100130,11/13/2025,FR,email,
101543,11/13/2025,NG,email,12/7/2025
101188,11/13/2025,NG,paid_search,8/2/2025
100125,11/13/2025,US,paid_search,
101671,11/13/2025,NG,paid_social,
101758,11/14/2025,US,paid_search,1/18/2026
101896,11/14/2025,FR,paid_social,10/23/2025
100128,11/14/2025,US,organic,
101764,11/14/2025,NG,email,
101343,11/14/2025,NG,paid_social,
100707,11/14/2025,NG,organic,
100921,11/14/2025,NG,direct,12/19/2025
101454,11/14/2025,US,referral,
100977,11/14/2025,NL,paid_search,
100287,11/14/2025,NG,email,
101630,11/14/2025,NG,paid_social,
100569,11/14/2025,NG,paid_social,
101759,11/15/2025,NG,direct,
101626,11/15/2025,US,organic,10/4/2025
100423,11/15/2025,NG,paid_social,11/29/2025
100534,11/15/2025,NG,organic,12/14/2025
100227,11/15/2025,NG,paid_search,
100265,11/15/2025,CA,paid_social,11/4/2025
100676,11/15/2025,UK,paid_social,1/11/2026
100929,11/15/2025,NG,direct,
100596,11/15/2025,NG,direct,8/23/2025
100241,11/16/2025,NG,referral,11/7/2025
101627,11/16/2025,NG,paid_social,
101117,11/16/2025,NG,direct,
101857,11/16/2025,NG,organic,1/26/2026
101414,11/16/2025,NG,paid_social,
101160,11/16/2025,NG,referral,
101790,11/16/2025,CA,email,
100697,11/17/2025,UK,paid_search,
101395,11/17/2025,FR,email,
101317,11/17/2025,UK,organic,9/5/2025
100965,11/17/2025,NG,paid_search,
100785,11/17/2025,CA,direct,12/6/2025
101832,11/17/2025,NG,organic,
101545,11/17/2025,NG,paid_social,
101155,11/17/2025,CA,paid_search,
100269,11/17/2025,NG,paid_search,
101422,11/17/2025,UK,organic,
100980,11/17/2025,CA,paid_search,12/3/2025
100914,11/17/2025,NG,paid_social,
100547,11/17/2025,UK,direct,
100259,11/17/2025,FR,paid_search,11/5/2025
100984,11/17/2025,US,paid_social,
101504,11/18/2025,NG,paid_search,11/5/2025
101607,11/18/2025,NG,paid_search,
100687,11/18/2025,NG,direct,
101349,11/18/2025,NG,organic,
100454,11/18/2025,NG,direct,
100664,11/18/2025,DE,paid_social,
101653,11/18/2025,UK,paid_search,
100467,11/18/2025,NG,paid_social,12/31/2025
101643,11/18/2025,CA,paid_search,
100519,11/18/2025,NG,organic,
100393,11/19/2025,NG,paid_search,11/22/2025
101047,11/19/2025,NG,paid_social,
100966,11/19/2025,UK,email,11/12/2025
101187,11/19/2025,US,paid_search,11/24/2025
100136,11/19/2025,NG,organic,
100719,11/19/2025,CA,email,
100530,11/19/2025,NG,paid_search,
100493,11/19/2025,UK,organic,9/22/2025
101763,11/19/2025,NG,email,
101579,11/19/2025,NL,paid_search,
101951,11/20/2025,UK,organic,
101180,11/20/2025,UK,organic,
101872,11/20/2025,NG,organic,
101524,11/20/2025,DE,organic,
100192,11/20/2025,DE,referral,
100489,11/20/2025,NG,email,
101567,11/20/2025,NG,paid_search,
100624,11/20/2025,NG,organic,
100849,11/20/2025,UK,paid_social,
100766,11/21/2025,FR,email,
100268,11/21/2025,NG,direct,
101134,11/21/2025,NG,email,
101304,11/21/2025,NG,paid_search,
101661,11/21/2025,NG,direct,10/4/2025
101828,11/21/2025,CA,organic,1/22/2026
100955,11/21/2025,FR,referral,8/16/2025
101757,11/21/2025,US,direct,1/10/2026
100895,11/21/2025,NG,organic,1/10/2026
100986,11/22/2025,NG,paid_social,
101845,11/22/2025,US,paid_social,
101884,11/22/2025,NG,direct,
101553,11/22/2025,NL,organic,
100322,11/22/2025,NG,organic,
100671,11/22/2025,US,organic,
100600,11/22/2025,DE,paid_social,
100899,11/22/2025,NG,paid_search,
100701,11/22/2025,FR,paid_social,10/11/2025
100952,11/22/2025,UK,direct,
101539,11/23/2025,NG,paid_social,
101210,11/23/2025,FR,organic,11/27/2025
101637,11/23/2025,NG,organic,
100342,11/23/2025,NG,paid_search,
101396,11/23/2025,NG,paid_search,
101199,11/23/2025,US,paid_search,10/27/2025
100674,11/23/2025,UK,organic,
100824,11/23/2025,UK,organic,9/8/2025
101289,11/23/2025,NG,organic,
101660,11/23/2025,CA,organic,8/26/2025
101981,11/23/2025,NG,paid_social,10/10/2025
101752,11/24/2025,CA,paid_social,12/6/2025
100995,11/24/2025,UK,paid_search,
100244,11/24/2025,NG,paid_search,
100598,11/24/2025,CA,direct,10/23/2025
100239,11/24/2025,NG,paid_social,12/20/2025
100879,11/24/2025,US,paid_social,
101170,11/24/2025,NG,direct,
100191,11/24/2025,NG,paid_search,11/6/2025
101754,11/24/2025,DE,direct,
100084,11/24/2025,FR,organic,
101416,11/25/2025,NG,referral,
100129,11/25/2025,FR,direct,8/5/2025
101171,11/25/2025,NG,organic,12/9/2025
101466,11/25/2025,CA,paid_search,
100742,11/25/2025,NG,direct,8/29/2025
101110,11/25/2025,NG,paid_social,
101195,11/25/2025,CA,email,
100340,11/25/2025,NG,paid_social,
101369,11/25/2025,NG,email,
100039,11/25/2025,NG,organic,
100474,11/25/2025,NG,referral,12/14/2025
101584,11/25/2025,NG,organic,
100457,11/25/2025,NG,direct,
100957,11/25/2025,NG,direct,
100657,11/25/2025,CA,paid_social,
101127,11/26/2025,NG,email,12/6/2025
100615,11/26/2025,NG,organic,
100919,11/26/2025,NL,email,
101993,11/26/2025,NG,paid_social,11/11/2025
101336,11/26/2025,CA,paid_search,12/17/2025
100098,11/26/2025,CA,paid_social,
101984,11/26/2025,NG,paid_social,
100781,11/26/2025,UK,organic,1/11/2026
101234,11/26/2025,UK,paid_search,
100672,11/26/2025,UK,paid_social,
101067,11/26/2025,FR,organic,
101716,11/27/2025,NG,paid_social,9/8/2025
100568,11/27/2025,NG,organic,
101714,11/27/2025,CA,referral,10/22/2025
100599,11/27/2025,NG,email,
100025,11/27/2025,NG,paid_search,
101254,11/28/2025,NL,organic,1/31/2026
101886,11/28/2025,NG,paid_search,
100933,11/28/2025,CA,paid_search,
100770,11/28/2025,US,direct,9/1/2025
101129,11/28/2025,NG,direct,9/17/2025
100243,11/28/2025,NG,paid_social,
100983,11/28/2025,NG,paid_social,
101088,11/28/2025,UK,paid_search,8/26/2025
101220,11/28/2025,NG,paid_search,
100823,11/28/2025,US,paid_search,
100501,11/28/2025,NL,referral,
101204,11/28/2025,NG,organic,
101980,11/29/2025,US,direct,12/10/2025
100122,11/29/2025,CA,paid_social,8/27/2025
101692,11/29/2025,DE,organic,
100002,11/29/2025,NG,paid_social,
101722,11/29/2025,NG,paid_social,
100985,11/29/2025,NL,paid_search,
101276,11/29/2025,US,paid_social,
100651,11/29/2025,NG,paid_search,10/2/2025
101397,11/29/2025,NG,organic,
101811,11/29/2025,DE,organic,
100841,11/29/2025,US,organic,
101223,11/29/2025,NG,paid_search,
101437,11/29/2025,US,paid_social,9/30/2025
100254,11/30/2025,NG,paid_search,
100729,11/30/2025,NG,organic,10/23/2025
101958,11/30/2025,NG,paid_social,
100371,11/30/2025,NL,paid_search,
100315,11/30/2025,US,paid_search,
101596,11/30/2025,NG,email,
100155,11/30/2025,NG,paid_social,11/3/2025
100445,11/30/2025,US,paid_social,
100818,12/1/2025,NG,organic,
100821,12/1/2025,NG,organic,
100478,12/1/2025,NG,direct,9/28/2025
100107,12/1/2025,NG,organic,
100310,12/1/2025,NG,direct,8/28/2025
100121,12/1/2025,NG,paid_social,10/19/2025
101048,12/1/2025,NG,paid_social,
100161,12/1/2025,US,direct,11/12/2025
101647,12/1/2025,UK,paid_search,
100236,12/1/2025,NG,direct,10/4/2025
100311,12/2/2025,NL,direct,1/5/2026
100735,12/2/2025,UK,direct,
101426,12/2/2025,NG,paid_search,
101612,12/2/2025,NG,organic,
101812,12/2/2025,US,email,
101131,12/2/2025,UK,organic,
101305,12/2/2025,NG,paid_search,9/17/2025
100282,12/2/2025,NG,paid_social,1/22/2026
100858,12/2/2025,NG,organic,
100640,12/2/2025,UK,paid_social,12/20/2025
100079,12/2/2025,NG,paid_social,
100710,12/3/2025,UK,direct,12/15/2025
100415,12/3/2025,UK,paid_social,
101070,12/3/2025,CA,paid_social,10/12/2025
101297,12/3/2025,NG,referral,
101273,12/3/2025,CA,direct,
101326,12/3/2025,NG,paid_search,
101328,12/3/2025,US,organic,9/5/2025
101667,12/3/2025,NG,paid_social,
100256,12/3/2025,UK,paid_search,
101423,12/3/2025,NG,paid_social,
100048,12/3/2025,CA,direct,
100826,12/4/2025,NG,paid_social,1/9/2026
101695,12/4/2025,NG,organic,1/22/2026
101509,12/4/2025,US,paid_social,11/10/2025
100097,12/4/2025,CA,paid_social,8/23/2025
100190,12/4/2025,NG,paid_search,1/1/2026
101779,12/4/2025,NG,organic,11/17/2025
100812,12/4/2025,UK,referral,
101972,12/4/2025,NG,paid_social,
101702,12/4/2025,NG,paid_social,
100549,12/4/2025,NG,direct,9/5/2025
100059,12/4/2025,UK,paid_social,8/31/2025
100635,12/5/2025,NG,paid_search,
100586,12/5/2025,NG,paid_social,11/28/2025
101148,12/5/2025,UK,email,
100614,12/5/2025,CA,organic,
101546,12/5/2025,NL,direct,
100074,12/5/2025,CA,direct,8/17/2025
100787,12/5/2025,US,paid_search,
101061,12/5/2025,NG,organic,8/5/2025
100940,12/6/2025,NG,paid_search,
100421,12/6/2025,NG,paid_social,
100665,12/6/2025,CA,paid_social,
101613,12/6/2025,UK,email,
101182,12/6/2025,CA,organic,
101471,12/7/2025,CA,paid_social,10/9/2025
100174,12/7/2025,NG,organic,
101302,12/7/2025,NG,direct,
100865,12/7/2025,CA,paid_social,
100874,12/7/2025,DE,direct,10/11/2025
101732,12/7/2025,US,paid_social,1/24/2026
100085,12/7/2025,UK,paid_social,
100203,12/7/2025,UK,organic,9/30/2025
101347,12/7/2025,CA,direct,12/17/2025
100007,12/7/2025,NG,paid_search,11/5/2025
100931,12/7/2025,US,referral,
100183,12/7/2025,NG,paid_search,10/15/2025
100042,12/7/2025,US,organic,
101040,12/8/2025,NG,email,10/9/2025
101063,12/8/2025,NG,referral,
100981,12/8/2025,NG,email,
101594,12/8/2025,NG,paid_search,9/6/2025
101193,12/8/2025,NG,organic,
101538,12/8/2025,NG,paid_search,
100222,12/8/2025,DE,organic,
100109,12/8/2025,NG,direct,
100891,12/9/2025,UK,organic,
100540,12/9/2025,CA,direct,
101893,12/9/2025,US,paid_social,
100905,12/9/2025,NG,organic,
101044,12/9/2025,FR,email,
101076,12/9/2025,FR,organic,1/31/2026
101599,12/9/2025,NL,paid_social,
101521,12/9/2025,US,paid_social,
101316,12/9/2025,NG,direct,
101196,12/10/2025,NG,paid_search,
100429,12/10/2025,NG,organic,11/24/2025
100211,12/10/2025,CA,organic,9/1/2025
100176,12/10/2025,NG,direct,
101275,12/10/2025,NG,paid_search,
100696,12/11/2025,NG,paid_social,
100726,12/11/2025,NG,direct,
101749,12/11/2025,NG,paid_search,
100792,12/11/2025,NG,paid_search,
101674,12/11/2025,US,organic,
101902,12/11/2025,NG,paid_search,
100773,12/11/2025,DE,organic,
100014,12/11/2025,NG,paid_social,
100224,12/11/2025,NG,paid_search,9/8/2025
101207,12/11/2025,NG,paid_search,8/21/2025
100235,12/11/2025,NG,paid_search,
101640,12/11/2025,UK,paid_search,
101331,12/11/2025,NG,direct,9/27/2025
100173,12/11/2025,UK,direct,9/26/2025
100394,12/11/2025,CA,organic,
101669,12/12/2025,NG,paid_social,
100317,12/12/2025,NG,paid_search,
101136,12/12/2025,NG,email,
101784,12/12/2025,NG,direct,
101118,12/12/2025,NG,paid_social,
101597,12/12/2025,NG,paid_search,
100680,12/12/2025,UK,organic,
100675,12/12/2025,NL,direct,
101878,12/12/2025,NG,paid_social,
100712,12/12/2025,FR,direct,
100460,12/12/2025,UK,email,
101008,12/13/2025,NG,paid_search,10/23/2025
100759,12/13/2025,NL,paid_search,1/12/2026
101217,12/13/2025,NL,paid_search,9/19/2025
100316,12/13/2025,US,organic,10/26/2025
100730,12/13/2025,NL,direct,
101723,12/13/2025,NG,organic,
100736,12/13/2025,DE,paid_social,9/20/2025
101032,12/13/2025,NG,organic,
101713,12/13/2025,NG,direct,12/20/2025
101348,12/14/2025,NG,email,
100756,12/14/2025,NG,paid_social,11/30/2025
100214,12/14/2025,NG,paid_search,10/6/2025
100738,12/14/2025,NG,organic,
100556,12/14/2025,NL,email,
101572,12/14/2025,UK,paid_search,
101859,12/14/2025,NG,paid_social,12/6/2025
101001,12/14/2025,NG,paid_social,
100602,12/14/2025,US,email,
100431,12/14/2025,US,referral,1/23/2026
100885,12/14/2025,NG,paid_search,1/20/2026
100630,12/14/2025,NG,paid_search,9/18/2025
100012,12/14/2025,NG,organic,8/19/2025
101590,12/14/2025,UK,paid_social,12/9/2025
100661,12/14/2025,US,direct,12/2/2025
100376,12/14/2025,US,paid_search,
101231,12/14/2025,US,paid_search,
100470,12/14/2025,NL,email,
100804,12/14/2025,US,paid_search,
101601,12/14/2025,US,direct,1/16/2026
101965,12/15/2025,NG,paid_search,
101512,12/15/2025,NG,direct,
100058,12/15/2025,NG,paid_search,
101721,12/15/2025,CA,referral,11/15/2025
101844,12/15/2025,NG,paid_social,
101741,12/15/2025,CA,paid_social,
101860,12/15/2025,NG,email,
101280,12/15/2025,NG,paid_search,
101393,12/15/2025,NG,organic,11/9/2025
101448,12/15/2025,US,referral,
101035,12/15/2025,UK,paid_social,
101281,12/15/2025,NG,paid_social,
101138,12/15/2025,UK,organic,
100377,12/16/2025,DE,direct,
100390,12/16/2025,NL,paid_search,
100894,12/16/2025,NG,direct,1/1/2026
100877,12/16/2025,NG,direct,
100511,12/16/2025,NG,organic,
101898,12/16/2025,US,direct,
100359,12/16/2025,NG,organic,
100462,12/16/2025,NG,paid_search,
100061,12/16/2025,US,email,8/3/2025
101233,12/16/2025,NL,organic,8/4/2025
101064,12/17/2025,NG,paid_search,
100492,12/17/2025,US,direct,
101377,12/17/2025,US,paid_search,
101666,12/17/2025,DE,organic,9/30/2025
101097,12/17/2025,NG,organic,
101789,12/17/2025,NG,organic,11/22/2025
101994,12/17/2025,US,referral,
101983,12/17/2025,US,paid_search,11/23/2025
101300,12/18/2025,NL,email,
100050,12/18/2025,US,direct,
100041,12/18/2025,US,direct,
101867,12/18/2025,US,paid_social,11/26/2025
101072,12/18/2025,NG,paid_social,
100246,12/18/2025,US,paid_social,
100233,12/18/2025,US,paid_search,
101673,12/18/2025,NG,paid_social,11/15/2025
100422,12/19/2025,NG,organic,
100013,12/19/2025,NL,organic,
101203,12/19/2025,NG,organic,
100741,12/19/2025,NG,paid_search,10/10/2025
100488,12/19/2025,DE,paid_search,9/23/2025
100656,12/19/2025,NG,paid_search,
101670,12/19/2025,US,paid_search,
101133,12/19/2025,NL,email,10/2/2025
101821,12/19/2025,US,paid_social,8/22/2025
100127,12/19/2025,US,paid_search,
100713,12/19/2025,DE,organic,
100206,12/19/2025,US,paid_search,1/13/2026
101274,12/19/2025,CA,paid_search,
101147,12/20/2025,FR,organic,
100088,12/20/2025,NG,referral,11/24/2025
100910,12/20/2025,NG,email,11/13/2025
101060,12/20/2025,NL,direct,
100644,12/20/2025,NG,paid_search,1/4/2026
100172,12/20/2025,NG,organic,9/3/2025
101774,12/20/2025,UK,paid_search,
100319,12/20/2025,CA,paid_social,
100835,12/21/2025,NG,email,
101690,12/21/2025,NL,email,
100733,12/21/2025,NG,referral,1/31/2026
101057,12/21/2025,NG,direct,
101277,12/21/2025,NG,direct,
101338,12/21/2025,US,email,11/16/2025
101557,12/21/2025,NG,organic,11/11/2025
101610,12/21/2025,DE,direct,
100863,12/21/2025,NG,paid_social,
101869,12/21/2025,NG,organic,
100001,12/21/2025,NG,referral,
101824,12/21/2025,FR,paid_social,
100369,12/21/2025,NG,email,
101440,12/22/2025,FR,paid_search,
101312,12/22/2025,NG,paid_social,
100049,12/22/2025,NG,paid_social,
100209,12/22/2025,NG,paid_search,10/31/2025
100597,12/22/2025,NG,direct,
100765,12/22/2025,NG,organic,
100805,12/22/2025,US,paid_search,
100814,12/22/2025,CA,email,
101730,12/22/2025,NG,paid_social,
100024,12/22/2025,US,paid_social,
101241,12/22/2025,NG,organic,
101211,12/22/2025,NG,paid_social,
100111,12/22/2025,NG,paid_social,
101497,12/22/2025,NG,email,1/27/2026
100401,12/22/2025,NG,organic,
100601,12/22/2025,NG,paid_search,8/29/2025
101468,12/22/2025,US,direct,1/15/2026
101913,12/22/2025,US,direct,
100106,12/22/2025,NG,paid_social,
100475,12/23/2025,NG,email,10/22/2025
100159,12/23/2025,UK,paid_social,8/11/2025
100105,12/23/2025,UK,organic,
100689,12/23/2025,NG,paid_social,
100015,12/23/2025,NG,organic,
100248,12/23/2025,DE,direct,
101725,12/23/2025,UK,paid_social,
100917,12/23/2025,UK,referral,
101415,12/23/2025,NG,organic,
100954,12/23/2025,DE,paid_search,
100612,12/23/2025,UK,organic,
100989,12/23/2025,NG,direct,
101429,12/23/2025,UK,paid_search,
100277,12/23/2025,NG,referral,
100724,12/23/2025,NG,organic,10/9/2025
101413,12/24/2025,NG,paid_search,
100558,12/24/2025,US,organic,
100212,12/24/2025,US,organic,
101460,12/24/2025,DE,email,
100638,12/24/2025,NG,organic,
100134,12/25/2025,FR,organic,8/19/2025
100104,12/25/2025,NG,organic,
101253,12/25/2025,US,referral,
101132,12/25/2025,FR,email,11/18/2025
100744,12/25/2025,UK,paid_search,
101616,12/25/2025,NG,paid_search,1/24/2026
101735,12/25/2025,NG,organic,
100260,12/25/2025,NG,paid_search,
101985,12/25/2025,NG,paid_social,8/17/2025
100070,12/25/2025,DE,paid_search,9/27/2025
100691,12/25/2025,DE,organic,9/4/2025
101683,12/25/2025,US,organic,
100483,12/25/2025,NG,referral,
101979,12/25/2025,DE,direct,
101011,12/26/2025,NG,paid_search,
100427,12/26/2025,NG,direct,
100851,12/26/2025,DE,paid_social,12/14/2025
101198,12/26/2025,NG,paid_search,8/2/2025
100859,12/26/2025,NG,paid_search,
101086,12/26/2025,NG,referral,
100715,12/26/2025,UK,organic,
100685,12/26/2025,NG,paid_search,10/6/2025
100595,12/26/2025,US,direct,
100590,12/26/2025,NG,organic,
101283,12/26/2025,UK,paid_search,
101577,12/26/2025,CA,paid_search,8/3/2025
100550,12/26/2025,NG,direct,
101259,12/26/2025,NG,paid_social,1/13/2026
100471,12/27/2025,NG,email,
101333,12/27/2025,NG,email,12/29/2025
100290,12/27/2025,NG,paid_social,12/23/2025
100836,12/27/2025,NG,organic,
100091,12/27/2025,US,direct,12/23/2025
101000,12/27/2025,CA,organic,12/19/2025
100102,12/27/2025,UK,direct,12/22/2025
100653,12/27/2025,NG,paid_search,
101748,12/27/2025,NG,direct,
101218,12/27/2025,NL,direct,
100226,12/27/2025,NG,organic,
100335,12/27/2025,CA,paid_social,
100165,12/28/2025,CA,organic,
101573,12/28/2025,CA,paid_social,
101425,12/28/2025,UK,paid_social,
100884,12/28/2025,NG,direct,
100513,12/29/2025,UK,direct,
101963,12/29/2025,US,paid_social,
101964,12/29/2025,NG,paid_social,
101534,12/29/2025,NL,email,9/28/2025
100866,12/29/2025,NL,referral,
100848,12/29/2025,NG,paid_social,
101842,12/29/2025,NG,paid_social,1/22/2026
100740,12/29/2025,NG,paid_search,
101586,12/30/2025,NG,email,10/16/2025
100604,12/30/2025,NG,direct,11/1/2025
100027,12/30/2025,NG,direct,
101922,12/30/2025,NG,paid_social,
101602,12/30/2025,NG,direct,
101263,12/30/2025,NG,organic,
100523,12/30/2025,UK,paid_social,
100148,12/30/2025,NG,direct,
100432,12/30/2025,NG,direct,
100793,12/30/2025,US,paid_search,12/1/2025
101230,12/30/2025,NG,direct,
101024,12/30/2025,NG,organic,
100544,12/31/2025,NG,paid_social,
101970,12/31/2025,NG,organic,
100552,12/31/2025,NG,paid_social,
100387,12/31/2025,NG,direct,11/2/2025
100481,12/31/2025,NG,organic,
100037,12/31/2025,NG,paid_search,
101039,12/31/2025,UK,organic,1/14/2026
101986,12/31/2025,NG,organic,
100301,12/31/2025,US,paid_social,
100333,12/31/2025,NL,paid_social,
100581,1/1/2026,NG,organic,
100100,1/1/2026,NG,direct,
101096,1/1/2026,NG,referral,
101864,1/1/2026,NG,organic,10/25/2025
100815,1/1/2026,NG,paid_social,
100083,1/1/2026,CA,organic,
100610,1/1/2026,NG,organic,
101079,1/1/2026,NG,email,
101649,1/1/2026,CA,email,9/8/2025
101932,1/1/2026,US,organic,8/13/2025
100089,1/1/2026,NG,direct,
101085,1/2/2026,NG,direct,
101023,1/2/2026,NG,direct,
100458,1/2/2026,NL,paid_search,9/29/2025
100867,1/2/2026,NG,paid_social,
100512,1/2/2026,US,direct,
100588,1/2/2026,NG,organic,
101499,1/2/2026,NG,organic,11/5/2025
101658,1/2/2026,NG,referral,
100018,1/2/2026,NG,paid_social,
101960,1/2/2026,UK,paid_search,
100962,1/2/2026,US,organic,
101968,1/2/2026,US,paid_search,1/9/2026
101124,1/2/2026,NG,direct,
101015,1/2/2026,NG,referral,
100092,1/2/2026,NG,direct,
100360,1/3/2026,US,paid_social,
101656,1/3/2026,NG,direct,
100589,1/3/2026,NG,paid_social,
100722,1/3/2026,UK,direct,
101883,1/3/2026,NG,paid_social,
100774,1/3/2026,US,organic,8/31/2025
101092,1/3/2026,US,organic,
101598,1/3/2026,NL,paid_social,
100476,1/3/2026,NG,organic,10/18/2025
100864,1/3/2026,US,direct,9/17/2025
101143,1/3/2026,CA,paid_social,8/14/2025
101125,1/3/2026,NG,paid_search,8/8/2025
101843,1/3/2026,NG,email,
100855,1/4/2026,FR,paid_search,
101855,1/4/2026,NL,direct,
100881,1/4/2026,US,direct,
101862,1/4/2026,NG,paid_social,
101895,1/4/2026,NG,email,12/25/2025
100649,1/4/2026,CA,direct,1/21/2026
101006,1/4/2026,NG,email,
100779,1/4/2026,NG,direct,9/15/2025
100559,1/4/2026,CA,email,
101464,1/4/2026,NG,paid_search,
101162,1/4/2026,NG,direct,8/24/2025
101157,1/4/2026,NG,paid_search,12/8/2025
101149,1/4/2026,NG,paid_social,11/28/2025
101547,1/4/2026,NG,paid_social,
100296,1/4/2026,NG,organic,
101309,1/4/2026,DE,organic,
100150,1/5/2026,NG,paid_search,
100609,1/5/2026,NG,paid_social,8/21/2025
100124,1/5/2026,NG,paid_search,
101400,1/5/2026,US,organic,
101346,1/5/2026,CA,organic,
100036,1/5/2026,NG,organic,1/25/2026
101551,1/5/2026,NG,organic,10/17/2025
101313,1/5/2026,NG,organic,1/13/2026
101559,1/5/2026,NG,organic,11/20/2025
100005,1/5/2026,NG,organic,
100642,1/5/2026,NG,organic,
100231,1/5/2026,US,paid_search,
101126,1/5/2026,NG,email,
101041,1/5/2026,UK,organic,
100834,1/5/2026,NG,paid_social,
100145,1/5/2026,NG,organic,8/7/2025
101291,1/5/2026,UK,paid_search,8/18/2025
101588,1/6/2026,NG,organic,
101246,1/6/2026,NG,direct,
100828,1/6/2026,NL,direct,
100667,1/6/2026,NG,paid_search,8/24/2025
101734,1/6/2026,NG,direct,8/2/2025
101705,1/6/2026,NG,paid_social,
101485,1/6/2026,NG,paid_social,10/2/2025
101520,1/6/2026,NG,paid_search,
101418,1/6/2026,NG,paid_search,
101508,1/6/2026,NG,organic,
100491,1/7/2026,CA,paid_search,
101213,1/7/2026,NG,paid_search,
100426,1/7/2026,NG,paid_search,8/25/2025
101279,1/7/2026,US,organic,11/23/2025
101733,1/7/2026,NG,paid_social,10/12/2025
101022,1/7/2026,NG,paid_social,
100503,1/7/2026,NG,organic,10/31/2025
101324,1/7/2026,NG,paid_search,
101657,1/8/2026,US,paid_search,
100920,1/8/2026,NG,paid_search,10/17/2025
101897,1/8/2026,NG,email,12/22/2025
100395,1/8/2026,NG,direct,
101407,1/8/2026,NG,paid_social,10/31/2025
101942,1/8/2026,CA,referral,9/27/2025
100780,1/9/2026,NG,paid_search,
100557,1/9/2026,NG,direct,
101712,1/9/2026,NG,organic,11/12/2025
101244,1/9/2026,NG,organic,
101892,1/9/2026,US,email,
100811,1/9/2026,NG,paid_search,12/12/2025
101633,1/9/2026,US,paid_social,
101823,1/9/2026,NL,organic,
101200,1/9/2026,NG,paid_search,
101715,1/9/2026,NG,paid_search,
101814,1/10/2026,NG,email,1/9/2026
100516,1/10/2026,NG,organic,
101370,1/10/2026,NG,paid_social,1/24/2026
101140,1/10/2026,DE,paid_social,
100903,1/10/2026,NG,referral,8/16/2025
101791,1/10/2026,NG,paid_search,9/4/2025
100564,1/11/2026,UK,direct,
101003,1/11/2026,US,paid_social,11/19/2025
100361,1/11/2026,NG,paid_social,
101323,1/11/2026,NG,paid_search,11/8/2025
101605,1/11/2026,NG,paid_social,
101388,1/11/2026,UK,organic,
101751,1/11/2026,UK,referral,12/28/2025
100034,1/11/2026,NG,direct,
101691,1/11/2026,NG,paid_social,8/23/2025
101374,1/11/2026,NG,referral,
100374,1/11/2026,FR,email,
101911,1/11/2026,NG,email,
100303,1/12/2026,NG,direct,
101556,1/12/2026,NG,organic,
100363,1/12/2026,NG,referral,
100578,1/12/2026,FR,organic,
101303,1/12/2026,NG,paid_social,12/30/2025
100047,1/12/2026,UK,organic,
101877,1/12/2026,NG,organic,
100357,1/12/2026,NG,email,
100388,1/12/2026,DE,email,1/24/2026
101631,1/13/2026,NG,email,
100178,1/13/2026,NG,paid_search,
101470,1/13/2026,NG,direct,
101825,1/13/2026,UK,paid_social,
100827,1/13/2026,NG,paid_social,
100739,1/13/2026,UK,email,
100094,1/13/2026,US,email,
101383,1/13/2026,NG,email,1/7/2026
101314,1/14/2026,NG,paid_search,9/3/2025
101205,1/14/2026,US,organic,
100066,1/14/2026,NG,paid_social,
101427,1/14/2026,US,paid_search,
100591,1/14/2026,NG,paid_social,
100219,1/14/2026,NG,paid_social,
101731,1/14/2026,NG,direct,
101036,1/14/2026,NL,paid_social,
100344,1/14/2026,FR,email,
101107,1/14/2026,FR,organic,
101568,1/15/2026,US,referral,
101286,1/15/2026,DE,direct,9/26/2025
101389,1/15/2026,NG,referral,
100201,1/15/2026,US,direct,
100839,1/15/2026,UK,paid_social,8/30/2025
100842,1/15/2026,NG,organic,
101153,1/15/2026,UK,email,
101707,1/15/2026,NG,email,
100152,1/16/2026,NG,paid_social,12/30/2025
101950,1/16/2026,NG,paid_social,
100528,1/16/2026,NG,organic,
101947,1/16/2026,UK,organic,
101506,1/16/2026,NL,paid_social,
100641,1/16/2026,NG,paid_search,
100803,1/16/2026,US,paid_search,
101353,1/16/2026,NG,paid_search,
100323,1/16/2026,UK,organic,
101169,1/16/2026,NG,email,
100942,1/16/2026,NG,paid_search,
101971,1/17/2026,US,paid_search,9/10/2025
101080,1/17/2026,NG,paid_social,
101704,1/17/2026,UK,paid_search,11/7/2025
100060,1/17/2026,NL,referral,
100714,1/17/2026,NG,direct,
100968,1/17/2026,NG,email,9/11/2025
100668,1/17/2026,NG,paid_social,
101005,1/17/2026,DE,paid_search,
100732,1/17/2026,UK,referral,
100529,1/17/2026,NG,email,
101102,1/17/2026,CA,referral,
101529,1/17/2026,US,referral,1/16/2026
101563,1/17/2026,NG,organic,
100526,1/17/2026,NG,paid_search,1/6/2026
101989,1/17/2026,US,paid_search,
100437,1/18/2026,NG,paid_social,
100576,1/18/2026,UK,organic,
100263,1/18/2026,NL,email,
100498,1/18/2026,NG,paid_social,
100451,1/18/2026,US,referral,
101181,1/18/2026,NL,paid_search,
101261,1/18/2026,FR,direct,11/2/2025
100420,1/18/2026,UK,direct,
100861,1/18/2026,FR,paid_search,
101066,1/18/2026,NG,paid_social,1/30/2026
101678,1/18/2026,UK,paid_search,10/20/2025
100023,1/18/2026,NG,referral,
101622,1/18/2026,NG,organic,
100585,1/18/2026,NL,organic,8/12/2025
101442,1/19/2026,NG,direct,
100721,1/19/2026,NG,email,
100692,1/19/2026,NG,paid_search,12/18/2025
101750,1/19/2026,NG,paid_search,
101272,1/19/2026,UK,organic,
100408,1/19/2026,CA,email,1/4/2026
101532,1/19/2026,US,organic,
100490,1/19/2026,NG,referral,
100469,1/19/2026,NG,direct,
101515,1/19/2026,CA,paid_social,
101976,1/19/2026,US,email,
101142,1/19/2026,UK,paid_search,
100285,1/20/2026,NL,organic,
100347,1/20/2026,NG,referral,12/17/2025
101446,1/20/2026,NG,paid_social,
100180,1/20/2026,UK,direct,
100763,1/20/2026,NG,paid_social,
100679,1/20/2026,NG,paid_search,11/1/2025
101688,1/20/2026,NG,direct,
101909,1/20/2026,US,paid_search,
101765,1/20/2026,NL,paid_social,9/20/2025
100318,1/20/2026,UK,paid_search,11/16/2025
100753,1/20/2026,CA,organic,8/6/2025
100381,1/20/2026,NG,direct,
101108,1/21/2026,NG,direct,9/21/2025
101680,1/21/2026,CA,direct,
100935,1/21/2026,NG,paid_social,11/14/2025
100080,1/21/2026,NG,paid_social,
101873,1/21/2026,NG,referral,
101836,1/21/2026,US,paid_search,8/12/2025
100964,1/22/2026,UK,paid_social,12/21/2025
100693,1/22/2026,UK,referral,
100639,1/22/2026,UK,referral,10/26/2025
101420,1/22/2026,NG,paid_social,8/12/2025
101726,1/22/2026,UK,organic,
100570,1/22/2026,NG,organic,
100925,1/22/2026,NG,referral,
100382,1/22/2026,NG,direct,
100762,1/22/2026,NG,paid_search,
100948,1/22/2026,NG,direct,
101439,1/23/2026,UK,paid_social,
100670,1/23/2026,NG,paid_social,
101929,1/23/2026,US,paid_social,10/21/2025
100447,1/23/2026,NG,organic,10/16/2025
101831,1/23/2026,NG,paid_social,10/27/2025
101783,1/23/2026,NG,referral,11/30/2025
100775,1/23/2026,NG,email,9/2/2025
101268,1/23/2026,UK,organic,
100292,1/23/2026,US,referral,8/24/2025
100339,1/23/2026,NG,referral,
101933,1/23/2026,DE,paid_social,11/25/2025
101294,1/23/2026,NG,organic,
100682,1/24/2026,UK,email,12/23/2025
100514,1/24/2026,DE,direct,8/15/2025
100683,1/24/2026,NG,email,
101053,1/24/2026,CA,email,1/6/2026
100648,1/24/2026,DE,paid_social,
100998,1/24/2026,CA,paid_social,
101375,1/24/2026,NG,paid_search,
101222,1/24/2026,NG,paid_social,
100273,1/24/2026,US,organic,
101809,1/24/2026,NG,referral,9/12/2025
101699,1/24/2026,DE,organic,
100450,1/24/2026,CA,organic,
100194,1/24/2026,DE,organic,11/20/2025
100199,1/24/2026,UK,direct,
101082,1/24/2026,US,organic,
101447,1/24/2026,NG,email,1/9/2026
100750,1/24/2026,US,paid_search,1/14/2026
101938,1/24/2026,NG,organic,
100465,1/25/2026,US,organic,
101242,1/25/2026,NG,email,
101368,1/25/2026,NG,paid_search,
100608,1/25/2026,NG,paid_search,8/4/2025
101209,1/25/2026,NG,paid_search,
100336,1/25/2026,NG,referral,
100852,1/25/2026,NG,paid_social,
101376,1/25/2026,DE,organic,9/8/2025
100502,1/25/2026,NG,paid_search,
100207,1/26/2026,NG,paid_search,10/24/2025
101954,1/26/2026,NG,paid_social,
100354,1/26/2026,DE,email,
100860,1/26/2026,US,email,
100796,1/26/2026,US,organic,
100063,1/26/2026,US,direct,
100416,1/26/2026,NG,organic,
101225,1/26/2026,NG,direct,12/11/2025
101566,1/26/2026,NG,organic,9/1/2025
100403,1/26/2026,NG,direct,
100958,1/26/2026,CA,paid_search,
101232,1/26/2026,NG,organic,
100045,1/26/2026,NG,direct,
101474,1/27/2026,NG,email,
101249,1/27/2026,NG,organic,8/18/2025
101648,1/27/2026,US,paid_social,
100011,1/27/2026,US,direct,
100324,1/27/2026,NG,organic,
100946,1/27/2026,NG,paid_search,
101796,1/27/2026,US,paid_search,
100440,1/27/2026,NG,paid_social,
100593,1/28/2026,NG,paid_search,
101675,1/28/2026,NG,paid_search,11/2/2025
101745,1/28/2026,UK,paid_search,8/25/2025
100140,1/28/2026,NG,paid_social,
101380,1/28/2026,CA,referral,10/20/2025
100893,1/28/2026,NG,referral,
101829,1/28/2026,UK,direct,
101706,1/28/2026,DE,paid_search,10/27/2025
100913,1/28/2026,NG,paid_social,
100850,1/28/2026,NG,email,
101197,1/28/2026,NG,direct,
101827,1/29/2026,NG,paid_social,11/25/2025
100554,1/29/2026,NG,paid_social,
101456,1/29/2026,US,paid_search,
101227,1/29/2026,NG,paid_search,
101202,1/29/2026,DE,paid_search,9/15/2025
101245,1/29/2026,NG,paid_social,
101961,1/29/2026,NL,paid_search,
101392,1/29/2026,NG,email,
100771,1/29/2026,UK,direct,8/20/2025
101569,1/29/2026,FR,referral,1/27/2026
101746,1/29/2026,NG,email,
101081,1/30/2026,NG,paid_social,
101997,1/30/2026,NG,email,
101087,1/30/2026,NG,organic,
101625,1/30/2026,NG,organic,1/10/2026
100144,1/30/2026,NG,organic,
101619,1/30/2026,DE,email,1/1/2026
100346,1/30/2026,NG,organic,
100264,1/30/2026,US,paid_social,
100355,1/30/2026,NG,paid_social,
100809,1/31/2026,NG,organic,10/13/2025
101116,1/31/2026,NG,referral,
101558,1/31/2026,NG,paid_search,
101168,1/31/2026,NG,referral,
101335,1/31/2026,US,paid_search,
100819,1/31/2026,US,organic,
100690,1/31/2026,UK,paid_search,
101055,1/31/2026,NG,organic,1/24/2026
101421,1/31/2026,NG,paid_search,
101345,1/31/2026,NG,direct,11/19/2025
100160,1/31/2026,NG,direct,12/13/2025
100400,1/31/2026,NG,paid_search,
100510,1/31/2026,NG,direct,11/22/2025
